rank,foundation_name,foundation_ein,location,largest_grant,total_grants_seen,grant_year,grant_purpose,example_grantee,peers_funded_count,peers_funded,profile_url,in_registry
1,Sobrato Family Foundation,770348912,"Mountain View, CA",169500,602720,2024,GENERAL OPERATING SUPPORT,BILL WILSON CENTER,5,Bill Wilson Center; Counseling And Support Services For Youth; Fred Finch Youth Center Cares Inc; Edgewood Center For Children And Families; Fred Finch Youth Center,https://www.grantmakers.io/profiles/v1/770348912/,False
2,Samueli Foundation,330758237,"Corona Del Mar, CA",1000000,1611667,2024,SUPPORT CONSTRUCTION COSTS AND SUPPORTIVE SERVICES FOR THE TAMPICO MOTEL PROJECT IN ANAHEIM,ORANGEWOOD FOUNDATION,3,Orangewood Foundation; Community Action Partnership Of Sonoma County; Vista Del Mar Child And Family Services,https://www.grantmakers.io/profiles/v1/330758237/,False
3,Price Philanthropies Foundation,465129465,"La Jolla, CA",88000,138000,2024,GENERAL SUPPORT; PROGRAMS AND PROJECTS,SOCIAL ADVOCATES FOR YOUTH SAN DIEGO,3,Fred Finch Youth Center Cares Inc; Fred Finch Youth Center; Social Advocates For Youth San Diego Inc,https://www.grantmakers.io/profiles/v1/465129465/,False
4,Gordon E And Betty I Moore Foundation,943397785,"Palo Alto, CA",50000,100000,2024,IN SUPPORT OF GENERAL OPERATIONS.,BILL WILSON CENTER,3,Bill Wilson Center; St Andrews Residential Programs For Youth; The Unity Care Group,https://www.grantmakers.io/profiles/v1/943397785/,False
5,Heffernan Foundation,711010693,"Walnut Creek, CA",10000,30000,2023,Donation,North Bay Children's Center,3,Bill Wilson Center; Buckelew Programs; North Bay Childrens Center Inc,https://www.grantmakers.io/profiles/v1/711010693/,False
6,The Goodwin Family Trust,956674233,"Las Vegas, NV",6200,22200,2022,GENERAL OPERATING,MCKINLEY CHILDREN'S CENTER INC,3,Five Acres The Boys & Girls Aid Society Of Los Angeles County; Vista Del Mar Child And Family Services; Mckinley Childrens Center Inc,https://www.grantmakers.io/profiles/v1/956674233/,False
7,Enterprise Holdings Foundation,431262762,"Saint Louis, MO",3000,18500,2023,Program Support,INDIVIDUALS NOW INC SOCIAL,3,Fred Finch Youth Center Cares Inc; Fred Finch Youth Center; Individuals Now Inc Social Advocates For Youth,https://www.grantmakers.io/profiles/v1/431262762/,False
8,Sempra Energy Foundation,261325469,"San Diego, CA",1500,2830,2024,CRISIS,DAVID AND MARGARET HOME INC,3,Boys Republic; Orangewood Foundation; David And Margaret Home Inc,https://www.grantmakers.io/profiles/v1/261325469/,False
9,Arthur J Gallagher Foundation,366082304,"Rolling Meadows, IL",1000,1760,2024,GENERAL EXEMPT PURPOSE,ORANGEWOOD FOUNDATION,3,Orangewood Foundation; Individuals Now Inc Social Advocates For Youth; Youth Homes Incorporated,https://www.grantmakers.io/profiles/v1/366082304/,False
10,Sun Family Foundation,330868088,"Fountain Valley, CA",500000,600000,2024,COMMUNITY SERVICES,COMMUNITY ACTION PARTNERSHIP OF ORANGE COUNTY,2,Orangewood Foundation; Community Action Partnership Of Sonoma County,https://www.grantmakers.io/profiles/v1/330868088/,False
11,Atlas Kardia Foundation,842660843,"Wilmington, DE",125000,263508,2023,PROGRAM SUPPORT,HELPLINE YOUTH COUNSELING,2,Helpline Youth Counseling Inc; Vista Del Mar Child And Family Services,https://www.grantmakers.io/profiles/v1/842660843/,False
12,Neumann Crat,436821103,"Las Vegas, NV",17670,100340,2022,GENERAL OPERATING,FRED FINCH YOUTH CENTER,2,Fred Finch Youth Center Cares Inc; Fred Finch Youth Center,https://www.grantmakers.io/profiles/v1/436821103/,False
13,Karena Lee Adler Foundation,813929425,"Wilmington, DE",50000,100000,2024,General & Unrestricted,FRED FINCH YOUTH CENTER,2,Fred Finch Youth Center Cares Inc; Fred Finch Youth Center,https://www.grantmakers.io/profiles/v1/813929425/,False
14,Gilead Sciences Foundation,201042419,"Foster City, CA",50000,100000,2022,FRED FINCH RACIAL EQUITY INITIATIVE PHASE 2; MENTORSHIP PROGRAM,FRED FINCH YOUTH CENTER,2,Fred Finch Youth Center Cares Inc; Fred Finch Youth Center,https://www.grantmakers.io/profiles/v1/201042419/,False
15,Wells Fargo Foundation,411367441,"Minneapolis, MN",50000,65000,2024,FINANCIAL EMPOWERMENT & LENDING CIRCLES,COMMUNITY ACTION PARTNERSHIP OF ORANGE COUNTY,2,Orangewood Foundation; Community Action Partnership Of Sonoma County,https://www.grantmakers.io/profiles/v1/411367441/,False
16,Bernard E & Alba Witkin Charitable Foundation,731661679,"Berkeley, CA",15000,60000,2023,RISING OAKS PROGRAM,FRED FINCH YOUTH CENTER,2,Fred Finch Youth Center Cares Inc; Fred Finch Youth Center,https://www.grantmakers.io/profiles/v1/731661679/,False
17,Wynn Foundation,956136231,"Los Angeles, CA",35000,50000,2024,"HOME FOR HOMELESS CHILDREN, SUPPORT FOR CHILDREN AGED-OUT OF FOSTER CARE. GRANT IS FOR HOUSING PROJECT. RESTRICTED.",ORANGEWOOD FOUNDATION,2,Helpline Youth Counseling Inc; Orangewood Foundation,https://www.grantmakers.io/profiles/v1/956136231/,False
18,William H Donner Foundation Inc.,231611346,"Tarrytown, NY",25000,45000,2022,GENERAL SUPPORT,NORTH BAY CHILDRENS CENTER INC,2,Individuals Now Inc Social Advocates For Youth; North Bay Childrens Center Inc,https://www.grantmakers.io/profiles/v1/231611346/,False
19,The Confidence Foundation,953500483,"Pasadena, CA",20000,41000,2024,MCKINLEY'S WALKING PATH PROJECT,MCKINLEY CHILDREN'S CENTER INC,2,Mckinley Childrens Center Inc; Orangewood Foundation,https://www.grantmakers.io/profiles/v1/953500483/,False
20,Winifred Johnson Clive Foundation,256277031,"San Francisco, CA",25000,40000,2024,General Operations,The Unity Care Group,2,Edgewood Center For Children And Families; The Unity Care Group,https://www.grantmakers.io/profiles/v1/256277031/,False
21,Lon V Smith Foundation,956045384,"Beverly Hills, CA",25000,35000,2024,UNRESTRICTED,Boys Republic,2,Boys Republic; Vista Del Mar Child And Family Services,https://www.grantmakers.io/profiles/v1/956045384/,False
22,Callie McGrath Charitable Tr 071295,956995594,"Dallas, TX",20000,30000,2024,UNRESTRICTED GENERAL,HANNA BOYS CENTER,2,Vista Del Mar Child And Family Services; Hanna Center (self),https://www.grantmakers.io/profiles/v1/956995594/,False
23,The Fremont Group Foundation,333255428,"San Francisco, CA",10000,30000,2022,"TO SUPPORT THE ORGANIZATION IN PROVIDING CARE, SUPPORT, AND OPPORTUNITIES TO YOUNG PEOPLE AND THEIR FAMILIES WHO FACE MENTAL HEALTH, TRAUMA, AND DISABILITIES.",FRED FINCH YOUTH CENTER,2,Fred Finch Youth Center Cares Inc; Fred Finch Youth Center,https://www.grantmakers.io/profiles/v1/333255428/,False
24,Barth Family Foundation,912171985,"Los Angeles, CA",18500,28500,2024,SUPPORT FOR GENERAL OPERATIONS,VISTA DEL MAR,2,Orangewood Foundation; Vista Del Mar Child And Family Services,https://www.grantmakers.io/profiles/v1/912171985/,False
25,Hillberg Foundation,946139721,"Las Vegas, NV",4800,25600,2022,GENERAL OPERATING,FRED FINCH YOUTH CENTER,2,Fred Finch Youth Center Cares Inc; Fred Finch Youth Center,https://www.grantmakers.io/profiles/v1/946139721/,False
26,Atkinson Foundation,946075613,"San Francisco, CA",15000,25000,2024,GENERAL SUPPORT,COUNSELING AND SUPPORT SERVICES FOR YOUTH,2,Edgewood Center For Children And Families; Counseling And Support Services For Youth,https://www.grantmakers.io/profiles/v1/946075613/,False
27,Dorothy Lee Guillory Hall Foundation,831208024,"Oakland, CA",5000,20000,2023,BASIC AND EXPANDED NEEDS AWARD FOR MALIK SEALS AND SYERIE SMITH,FRED FINCH YOUTH AND FAMILY SERVICES,2,Fred Finch Youth Center Cares Inc; Fred Finch Youth Center,https://www.grantmakers.io/profiles/v1/831208024/,False
28,Union Pacific Foundation,136406825,"Omaha, NE",7000,14000,2023,CAREER AWARENESS AND READINESS FOR YOUTH,FRED FINCH YOUTH CENTER,2,Fred Finch Youth Center Cares Inc; Fred Finch Youth Center,https://www.grantmakers.io/profiles/v1/136406825/,False
29,Del Re Foundation,273421284,"Long Beach, CA",7000,14000,2024,GENERAL OPERATING,ORANGEWOOD FOUNDATION,2,Orangewood Foundation; Community Action Partnership Of Sonoma County,https://www.grantmakers.io/profiles/v1/273421284/,False
30,Roger and Kathy Hoffman Family Foundation Inc.,874504315,"Lindon, UT",2500,13000,2023,Donation to a domestically registered charitable organization,Fred Finch Youth Center,2,Fred Finch Youth Center Cares Inc; Fred Finch Youth Center,https://www.grantmakers.io/profiles/v1/874504315/,False
31,Gleason Family Impact Foundation,823684576,"Wilmington, DE",5000,10000,2022,General & Unrestricted,FRED FINCH YOUTH CENTER,2,Fred Finch Youth Center Cares Inc; Fred Finch Youth Center,https://www.grantmakers.io/profiles/v1/823684576/,False
32,Edwards Lifesciences Foundation,461702755,"Irvine, CA",5000,10000,2024,HOUSING SECURITY AND MENTAL HEALTH STABILIZATION FOR ORANGE COUNTYS YOUTH,ORANGEWOOD FOUNDATION,2,Orangewood Foundation; Community Action Partnership Of Sonoma County,https://www.grantmakers.io/profiles/v1/461702755/,False
33,Grace Helen Spearman Foundation,760721677,"Palm Springs, CA",5000,8500,2024,TO SUPPORT COMMUNITY SERVICES,FIVE ACRES THE BOYS & GIRLS AID SOCIETY OF LA,2,Five Acres The Boys & Girls Aid Society Of Los Angeles County; Vista Del Mar Child And Family Services,https://www.grantmakers.io/profiles/v1/760721677/,False
34,Levine Hirshfield Foundation,854038909,"Wilmington, DE",2077,5077,2022,General & Unrestricted,INDIVIDUALS NOW INC SOCIAL ADVOCATES FOR YOUTH,2,Individuals Now Inc Social Advocates For Youth; North Bay Childrens Center Inc,https://www.grantmakers.io/profiles/v1/854038909/,False
35,Chamberlin Education Foundation,844690334,"Richmond, CA",2500,5000,2022,PROGRAM SUPPORT,FRED FINCH YOUTH & FAMILY SERVICES,2,Fred Finch Youth Center Cares Inc; Fred Finch Youth Center,https://www.grantmakers.io/profiles/v1/844690334/,False
36,Heck Foundation,205570213,"Guerneville, CA",1000,4000,2024,TEEN CARE,HANNA BOYS CENTER,2,North Bay Childrens Center Inc; Hanna Center (self),https://www.grantmakers.io/profiles/v1/205570213/,False
37,Hobson Lucas Family Foundation,203940983,"San Rafael, CA",1000,2500,2024,GENERAL DONATION,BUCKELEW PROGRAMS,2,Buckelew Programs; North Bay Childrens Center Inc,https://www.grantmakers.io/profiles/v1/203940983/,False
38,Rest Haven Preventorium for Children,952128344,"San Diego, CA",855,1710,2023,Program Support,FRED FINCH YOUTH FAMILY,2,Fred Finch Youth Center Cares Inc; Fred Finch Youth Center,https://www.grantmakers.io/profiles/v1/952128344/,False
39,Boys and Girls Aid Society of San Diego Ltd.,951643979,"San Diego, CA",850,1700,2023,UNRESTRICTED CHARITABLE,FRED FINCH YOUTH & FAMILY SERVICES,2,Fred Finch Youth Center Cares Inc; Fred Finch Youth Center,https://www.grantmakers.io/profiles/v1/951643979/,False
40,Lincoln Financial Foundation Inc.,356042099,"Radnor, PA",500,1000,2022,Matching Gift,FRED FINCH YOUTH CENTER,2,Fred Finch Youth Center Cares Inc; Fred Finch Youth Center,https://www.grantmakers.io/profiles/v1/356042099/,False
41,Cigna Foundation,236261726,"Philadelphia, PA",500,550,2024,GENERAL OPERATING PURPOSE,ORANGEWOOD FOUNDATION,2,Orangewood Foundation; Hanna Center (self),https://www.grantmakers.io/profiles/v1/236261726/,False
42,Leichtag Foundation,330466189,"Encinitas, CA",100,300,2022,TO SUPPORT SAN DIEGO GIVES COM,FRED FINCH YOUTH AND FAMILY SERVICES,2,Fred Finch Youth Center Cares Inc; Fred Finch Youth Center,https://www.grantmakers.io/profiles/v1/330466189/,False
43,Margaret A Cargill Foundation,371758406,"Eden Prairie, MN",1500000,1500000,2024,WHOLE FAMILY APPROACH COMMUNITY OF PRACTICE INITIATIVE,COMMUNITY ACTION PARTNERSHIP,1,Community Action Partnership Of Sonoma County,https://www.grantmakers.io/profiles/v1/371758406/,False
44,Sherwood Foundation,470824755,"Omaha, NE",502547,866707,2024,FREE TO SAVE,COMMUNITY ACTION PARTNERSHIP OF LANCASTER AND SAUNDERS COUNTIES,1,Community Action Partnership Of Sonoma County,https://www.grantmakers.io/profiles/v1/470824755/,False
45,Capital Impact Foundation,271817842,"Palo Alto, CA",250000,750000,2024,"SUPPORT FOR ENGAGE NOW AFRICA, WHOSE LONG-TERM VISION IS TO DEVELOP LASTING SUSTAINABLE CHANGE WITH INDIVIDUALS AND THE VILLAGES THEY WORK IN BY IMPROVING EDUCATION, HEALTH ACCESS, CLEAN WATER AND SANITATION, ORPHAN SUPPORT, MICRO-CREDIT AND ANTI-SLAVERY PROGRAMS",ENGAGE NOW AFRICA INC,1,Individuals Now Inc Social Advocates For Youth,https://www.grantmakers.io/profiles/v1/271817842/,False
46,Stanley & Joyce Black Family Foundation,954259961,"Beverly Hills, CA",125000,501000,2024,"TO SUPPORT VISTA DEL MAR WHICH PROVIDES A TRAUMA-RESPONSIVE CONTINUUM OF SERVICES TO EMPOWER CHILDREN, YOUTH, AND FAMILIES IN SOUTHERN CALIFORNIA TO LEAD FULFILLING LIVES.",VISTA DEL MAR,1,Vista Del Mar Child And Family Services,https://www.grantmakers.io/profiles/v1/954259961/,False
47,The Crean Foundation,953676334,"Laguna Hills, CA",500000,500000,2024,Education Programs.,Orangewood Foundation - Samueli Aca,1,Orangewood Foundation,https://www.grantmakers.io/profiles/v1/953676334/,False
48,Gross Family Charitable Foundation,822674631,"Laguna Beach, CA",500000,500000,2024,GENERAL DONATION,ORANGEWOOD FOUNDATION,1,Orangewood Foundation,https://www.grantmakers.io/profiles/v1/822674631/,False
49,Oritani Charitable Foundation,205692529,"Ramsey, NJ",307578,406209,2024,CAPITAL CAMPAIGN,CENTER FOR FOOD ACTION OF NEW JERSEY,1,Edgewood Center For Children And Families,https://www.grantmakers.io/profiles/v1/205692529/,False
50,Kresge Foundation,381359217,"Troy, MI",300000,375000,2024,PROJECT GRANT SUPPORT TO REALIZE GREATER STRATEGIC ALIGNMENT ACROSS COMMUNITY ACTION AGENCIES.,COMMUNITY ACTION PARTNERSHIP,1,Community Action Partnership Of Sonoma County,https://www.grantmakers.io/profiles/v1/381359217/,False
51,Windsong TR,562461733,"Manhattan Beach, CA",300000,300000,2024,ARTS ENRICHMENT AND VOCATIONAL EDUCATION PROGRAMS,VISTA DEL MAR,1,Vista Del Mar Child And Family Services,https://www.grantmakers.io/profiles/v1/562461733/,False
52,Sunlight Giving,471820379,"Palo Alto, CA",70000,290000,2024,"GENERAL SUPPORT, $70,000 PER YEAR FOR THREE YEARS",BILL WILSON CENTER,1,Bill Wilson Center,https://www.grantmakers.io/profiles/v1/471820379/,False
53,Ford Foundation,131684331,"New York, NY",240000,290000,2024,"TO SUPPORT THE ECONOMIC INCLUSION OF PEOPLE WITH DISABILITIES THROUGH AWARENESS RAISING AND COLLECTIVE BARGAINING TO ADVOCATE FOR INCLUSIVE SOCIAL PROTECTION SYSTEMS WITHIN THE LABOR MARKET IN LEBANON, TUNISIA, JORDAN, AND MOROCCO",UNITED NATIONS ECONOMIC AND SOCIAL COMMISSION FOR WESTERN ASIA,1,Social Advocates For Youth San Diego Inc,https://www.grantmakers.io/profiles/v1/131684331/,False
54,Natrona Collective Health Trust,830230808,"Casper, WY",261100,267350,2024,GENERAL OPERATING,COMMUNITY ACTION PARTNERSHIP OF NATRONA COUNTY,1,Community Action Partnership Of Sonoma County,https://www.grantmakers.io/profiles/v1/830230808/,False
55,Carrie Estelle Doheny Foundation,956202911,"Los Angeles, CA",250500,250500,2024,HIGH SCHOOL COUNSELING AND SUPPORT,COUNSELING PARTNERS OF LOS ANGELES,1,Counseling And Support Services For Youth,https://www.grantmakers.io/profiles/v1/956202911/,False
56,Alfredo And Maria Bubion Charitable Foundation,920508427,"Newport Beach, CA",250000,250000,2024,GENERAL OPERATING SUPPORT,ORANGEWOOD FOUNDATION,1,Orangewood Foundation,https://www.grantmakers.io/profiles/v1/920508427/,False
57,Lindskog Foundation,832222977,"San Francisco, CA",100000,200000,2024,OPERATING SUPPORT FOR GROUP THERAPY,BUCKELEW PROGRAMS,1,Buckelew Programs,https://www.grantmakers.io/profiles/v1/832222977/,False
58,Foundation To Promote Open Society,263753801,"New York, NY",198912,198912,2024,"TO RENEW SUPPORT FOR A RESEARCH FELLOWSHIP THAT WILL EXPLORE HOW TO STRENGTHEN DEMOCRACY, RIGHTS AND CIVIL SOCIETY IN AFGHANISTAN",WOODROW WILSON INTERNATIONAL CENTER FOR SCHOLARS,1,Bill Wilson Center,https://www.grantmakers.io/profiles/v1/263753801/,False
59,Khr Mcneely Family Foundation,931463652,"Sonoma, CA",190000,190000,2024,COMMUNITY MENTAL HEALTH HUB AT HANNA CENTER,HANNA BOYS CENTER,1,Hanna Center (self),https://www.grantmakers.io/profiles/v1/931463652/,False
60,Weingart Foundation,956054814,"Los Angeles, CA",175000,175470,2021,UNRESTRICTED OPERATING SUPPORT,HELPLINE YOUTH COUNSELING,1,Helpline Youth Counseling Inc,https://www.grantmakers.io/profiles/v1/956054814/,False
61,The Ahmanson Foundation,956089998,"Beverly Hills, CA",72000,171800,2023,FOR CREATION OF A WALKING PATH AT THE SAN DIMAS CAMPUS,MCKINLEY CHILDRENS CENTER INC,1,Mckinley Childrens Center Inc,https://www.grantmakers.io/profiles/v1/956089998/,False
62,The Washington Home Inc.,530196647,"Washington, DC",150000,165000,2024,"Critically Ill- Healthcare Access, Workforce, & Caregiver Relief",Unity Health Care Inc,1,The Unity Care Group,https://www.grantmakers.io/profiles/v1/530196647/,False
63,Returning Home Foundation,208123356,"Laguna Beach, CA",159000,159000,2024,Mission Support,Orangewood Foundation,1,Orangewood Foundation,https://www.grantmakers.io/profiles/v1/208123356/,False
64,Kenneth H Dart Foundation,816527172,"Corona Del Mar, CA",150000,150000,2024,TO FURTHER CHARITABLE PURPOSE WITH FUNDS DIRECTED TO THE CORE PROGRAM FOR FOSTER YOUTH,ORANGEWOOD FOUNDATION,1,Orangewood Foundation,https://www.grantmakers.io/profiles/v1/816527172/,False
65,Bcm Foundation,262667384,"Whittier, CA",75000,150000,2024,General Operations,Helpline Youth Counseling Inc,1,Helpline Youth Counseling Inc,https://www.grantmakers.io/profiles/v1/262667384/,False
66,George William Patton & Mary Patton Foundation Trust B,953382952,"Dallas, TX",132524,132524,2024,UNRESTRICTED GENERAL,BOYS' REPUBLIC OF CHINO,1,Boys Republic,https://www.grantmakers.io/profiles/v1/953382952/,False
67,Richard Lounsbery Foundation Inc.,136081860,"Washington, DC",125000,125000,2022,SEED FUNDING FOR A NEW OPERA ABOUT NAPOLEON EXPLORING ALTERNATIVE HISTORICAL OUTCOMES,NEW PARNASSUS INCORPORATED,1,New Alternatives Incorporated,https://www.grantmakers.io/profiles/v1/136081860/,False
68,Conrad Prebys Foundation,203216993,"San Diego, CA",125000,125000,2024,GENERAL OPERATING,SOCIAL ADVOCATES FOR YOUTH SAN DIEGO INC,1,Social Advocates For Youth San Diego Inc,https://www.grantmakers.io/profiles/v1/203216993/,False
69,The Ceres Foundation Inc 43j-74d54,912170962,"Groton, MA",115000,125000,2024,GENERAL OPERATING SUPPORT FOR ITS EDUCATION AND WORKFORCE DEVELOPMENT SERVICES FOR FOSTER AND TRANSITIONAL AGED YOUTH,ORANGEWOOD FOUNDATION,1,Orangewood Foundation,https://www.grantmakers.io/profiles/v1/912170962/,False
70,Bella Vista Foundation,943345967,"San Francisco, CA",70000,125000,2023,"MATERNIDAD Y ESPERANZA, PROVIDING BILINGUAL INTEGRATED CASE MANAGEMENT AND BEHAVIORAL HEALTH SERVICES FOR EXPECTANT MOTHERS AND MOTHERS OF CHILDREN AGES 0-3.",BUCKELEW PROGRAMS,1,Buckelew Programs,https://www.grantmakers.io/profiles/v1/943345967/,False
71,The Steinman Foundation,236266377,"Lancaster, PA",118675,118675,2024,EARLY CHILDHOOD DEVELOPMENT,COMMUNITY ACTION PARTNERSHIP,1,Community Action Partnership Of Sonoma County,https://www.grantmakers.io/profiles/v1/236266377/,False
72,Henry & Constance Moore Perpetual Charitable TR,376686949,"Mattoon, IL",106198,106198,2024,TRUST DISTRIBUTION,COMMUNITY ACTION PARTNERSHIP OF CI,1,Community Action Partnership Of Sonoma County,https://www.grantmakers.io/profiles/v1/376686949/,False
73,Alesia Family Foundation,954750403,"Los Angeles, CA",100000,100000,2024,PROGRAM SUPPORT,VISTA DEL MAR CHILD AND FAMILY SERVICES,1,Vista Del Mar Child And Family Services,https://www.grantmakers.io/profiles/v1/954750403/,False
74,Claude Worthington Benedum Foundation,251086799,"Pittsburgh, PA",100000,100000,2024,"FOR FELLOWSHIPS THAT WILL CONTRIBUTE TO THE PIPELINE OF ARTS MANAGEMENT PROFESSIONALS OF COLOR, BENEFITING THE FIELD, AS WELL AS THE PITTSBURGH ARTS ECOSYSTEM (OVER TWO YEARS)",AUGUST WILSON AFRICAN AMERICAN CULTURAL CENTER,1,Bill Wilson Center,https://www.grantmakers.io/profiles/v1/251086799/,False
75,Stanley E Hanson Foundation,271104044,"Laguna Hills, CA",100000,100000,2024,GENERAL SUPPORT,ORANGEWOOD FOUNDATION,1,Orangewood Foundation,https://www.grantmakers.io/profiles/v1/271104044/,False
76,Ueberroth Family Foundation,330078919,"Los Angeles, CA",100000,100000,2024,FOUNDATION GOAL,ORANGEWOOD CHILDRENS FOUNDATION,1,Orangewood Foundation,https://www.grantmakers.io/profiles/v1/330078919/,False
77,D F Dillon Foundation,911805591,"Lincoln, NE",100000,100000,2024,PROGRAM,COMMUNITY ACTION PARTNERSHIP,1,Community Action Partnership Of Sonoma County,https://www.grantmakers.io/profiles/v1/911805591/,False
78,Grace Nixon Foundation,311570577,"Walnut Creek, CA",50000,95000,2024,General Support,North Bay Children's Center,1,North Bay Childrens Center Inc,https://www.grantmakers.io/profiles/v1/311570577/,False
79,Pfaffinger Foundation,951661675,"Los Angeles, CA",40000,95000,2024,GENERAL OPERATING SUPPORT,HELPLINE YOUTH COUNSELING,1,Helpline Youth Counseling Inc,https://www.grantmakers.io/profiles/v1/951661675/,False
80,Hilda & Preston Davis Private Foundation,237966458,"Sarasota, FL",30000,80000,2024,Treatment for Foster & Neglected Children,McKinley Childrens Center Inc,1,Mckinley Childrens Center Inc,https://www.grantmakers.io/profiles/v1/237966458/,False
81,Mickey Capelli Foundation Inc,822669320,"Piermont, NY",75000,75000,2024,GENERAL USE,CENTER FOR FOOD ACTION,1,Edgewood Center For Children And Families,https://www.grantmakers.io/profiles/v1/822669320/,False
82,Van Ameringen Foundation Inc,136125699,"New York, NY",75000,75000,2024,VOLUNTEER LEGAL SERVICES AGENCY REPRESENTING CHILDREN IN PHILADELPHIA'S CHILD WELFARE PROCEEDINGS SEEKS FIRST-TIME VAF FUNDING TO SUPPORT A CLINICAL SOCIAL WORKER TO ENSURE IMPROVED BEHAVIORAL HEALTH OUTCOMES FOR 100 CHILD VICTIMS EACH YEAR.,SUPPORT CENTER FOR CHILD ADVOCATES,1,Social Advocates For Youth San Diego Inc,https://www.grantmakers.io/profiles/v1/136125699/,False
83,Wilson W Phelps Foundation,330743687,"Irvine, CA",75000,75000,2024,Orange County Food Bank's Farm to Family Program,Community Action Partnership,1,Community Action Partnership Of Sonoma County,https://www.grantmakers.io/profiles/v1/330743687/,False
84,Park Foundation Inc,166071043,"Ithaca, NY",70000,70000,2024,PROJECT SUPPORT,INVESTOR ADVOCATES FOR SOCIAL JUSTICE,1,Social Advocates For Youth San Diego Inc,https://www.grantmakers.io/profiles/v1/166071043/,False
85,Charles D & Frances K Field Fund,460497841,"San Francisco, CA",35000,70000,2024,SUPPORT MENTAL HEALTH AND ADDICTION RECOVERY PROGRAMS,BUCKELEW PROGRAMS,1,Buckelew Programs,https://www.grantmakers.io/profiles/v1/460497841/,False
86,La84 Foundation,953792725,"Los Angeles, CA",40000,65000,2023,YOUTH SPORTS,MCKINLEY CHILDREN'S CENTER INC,1,Mckinley Childrens Center Inc,https://www.grantmakers.io/profiles/v1/953792725/,False
87,George H Sandy Foundation,946054473,"Milwaukee, WI",35000,65000,2024,To provide support for their mental health programs.,BUCKELEW PROGRAMS,1,Buckelew Programs,https://www.grantmakers.io/profiles/v1/946054473/,False
88,Perkins Charitable Foundation,346549753,"Gates Mills, OH",64160,64160,2024,PHILANTHROPIC PURPOSES.,HANNA PERKINS CENTER,1,Hanna Center (self),https://www.grantmakers.io/profiles/v1/346549753/,False
89,Partners For Health Inc,223122804,"Montclair, NJ",60000,60000,2024,GENERAL OPERATING SUPPORT/ FOOD SECURITY - HUNGER FREE NEW JERSEY,CENTER FOR FOOD ACTION,1,Edgewood Center For Children And Families,https://www.grantmakers.io/profiles/v1/223122804/,False
90,Saunders Family Charitable Fund,680616611,"San Francisco, CA",35000,60000,2023,GENERAL PURPOSES,NORTH BAY CHILDREN'S CENTER,1,North Bay Childrens Center Inc,https://www.grantmakers.io/profiles/v1/680616611/,False
91,Sand Hill Foundation,943219107,"Menlo Park, CA",60000,60000,2024,SCHOOL BASED MENTAL HEALTH COUNSELING FOR RAVENSWOOD CITY SCHOOL DISTRICT AND NORTH FAIR OAKS,COUNSELING AND SUPPORT SERVICES FOR YOUTH,1,Counseling And Support Services For Youth,https://www.grantmakers.io/profiles/v1/943219107/,False
92,Delong-Sweet Family Foundation,311605979,"Detroit, MI",59500,59500,2024,GENERAL SUPPORT,EDGEWOOD CENTER FOR CHILDREN,1,Edgewood Center For Children And Families,https://www.grantmakers.io/profiles/v1/311605979/,False
93,Couch Family Foundation,100000573,"Hanover, NH",42400,58900,2024,GENERAL SUPPORT,COMMUNITY ACTION PARTNERSHIP OF STRAFFORD COUNTY (CAPSC),1,Community Action Partnership Of Sonoma County,https://www.grantmakers.io/profiles/v1/100000573/,False
94,Bayles R Kennedy Trust 101096 309 FBO,946699434,"Saint Louis, MO",55000,55000,2024,GENERAL OPERATING,HANNA BOYS CENTER,1,Hanna Center (self),https://www.grantmakers.io/profiles/v1/946699434/,False
95,Miramar Charitable Foundation,473117210,"Ft Mitchell, KY",55000,55000,2024,NKY TRIBUNE GENERAL OPERATIONS,KENTUCKY CENTER FOR PUBLIC SERVICE JOURNALISM,1,Edgewood Center For Children And Families,https://www.grantmakers.io/profiles/v1/473117210/,False
96,Egtvedt Charitable Trust Special 3,320696136,"Saint Louis, MO",54356,54356,2024,GENERAL OPERATING,BOYS REPUBLIC,1,Boys Republic,https://www.grantmakers.io/profiles/v1/320696136/,False
97,Crescere Foundation,860877267,"Las Vegas, NV",51081,51081,2024,Baking program,Boys Republic,1,Boys Republic,https://www.grantmakers.io/profiles/v1/860877267/,False
98,Sheila Dave And Sherry Gold Foundation,954636060,"Studio City, CA",50000,50000,2024,SUPPORT OF FAMILY SERVICES,VISTA DEL MAR CHILD & FAMILY SERVICES,1,Vista Del Mar Child And Family Services,https://www.grantmakers.io/profiles/v1/954636060/,False
99,The Madeline & Marvin Gussman Family Foundation,472403367,"Los Angeles, CA",50000,50000,2024,GENERAL OPERATING SUPPORT,VISTA DEL MAR CHILD & FAMILY SERVICES,1,Vista Del Mar Child And Family Services,https://www.grantmakers.io/profiles/v1/472403367/,False
100,George Link Jr Foundation Inc,133041396,"Pittsburgh, PA",50000,50000,2024,GENERAL OPERATING,CENTER FOR FOOD ACTION,1,Edgewood Center For Children And Families,https://www.grantmakers.io/profiles/v1/133041396/,False
101,Bill And Crissy Haslam Foundation,621867423,"Knoxville, TN",50000,50000,2024,GENERAL OPERATING SUPPORT,WOODROW WILSON INTERNATIONAL CENTER FOR SCHOLARS,1,Bill Wilson Center,https://www.grantmakers.io/profiles/v1/621867423/,False
102,Madrono Foundation,465476723,"Denver, CO",50000,50000,2024,HUMAN RIGHTS/SOCIAL JUSTICE,ADVOCATES FOR TRANS EQUALITY,1,Social Advocates For Youth San Diego Inc,https://www.grantmakers.io/profiles/v1/465476723/,False
103,The Donald & Constance Sperling Foundation,912156345,"Laguna Beach, CA",50000,50000,2024,SPONSORSHIP OF PROGRAM,THE ORANGEWOOD FOUNDATION,1,Orangewood Foundation,https://www.grantmakers.io/profiles/v1/912156345/,False
104,The Joseph and Vera Long Foundation,941643626,"Walnut Creek, CA",25000,50000,2024,LA MATERNIDAD Y ESPERANZA,BUCKELEW PROGRAMS,1,Buckelew Programs,https://www.grantmakers.io/profiles/v1/941643626/,False
105,Capital One Foundation Inc.,113276603,"Mclean, VA",50000,50000,2024,FINANCIAL WELL BEING AND EMPOWERMENT,COMMUNITY ACTION PARTNERSHIP OF ORANGE COUNTY,1,Community Action Partnership Of Sonoma County,https://www.grantmakers.io/profiles/v1/113276603/,False
106,William G Irwin Charity Foundation,946069873,"San Francisco, CA",50000,50000,2024,BRIGHT FUTURES CAPITAL PROJECT,NORTH BAY CHILDREN'S CENTER,1,North Bay Childrens Center Inc,https://www.grantmakers.io/profiles/v1/946069873/,False
107,Ralph M Parsons Foundation,956085895,"West Hollywood, CA",50000,50000,2022,FOR GENERAL SUPPORT OF MENTAL HEALTH AND SUPPORTIVE SERVICES,HELPLINE YOUTH COUNSELING INC,1,Helpline Youth Counseling Inc,https://www.grantmakers.io/profiles/v1/956085895/,False
108,McMillen Family Foundation,261593449,"Temecula, CA",50000,50000,2022,FUND PROGRAMS FOR AT-RISK YOUTH,HELPLINE YOUTH COUNSELING,1,Helpline Youth Counseling Inc,https://www.grantmakers.io/profiles/v1/261593449/,False
109,The California Endowment,954523232,"Los Angeles, CA",25000,50000,2022,"PROMOTING HEALTH EQUITY AND HEALING FOR THE RE-ENTRY POPULATION: TO PROVIDE SUPPORT FOR COLLABORATIVE COMMUNITY-CENTERED SAFETY AND JUSTICE STRATEGIES, INCLUDING ALTERNATIVES TO INCARCERATION, AND TO IMPROVE THE HEALTH OF FORMERLY INCARCERATED PEOPLE IN LONG BEACH.",HELPLINE YOUTH COUNSELING INC,1,Helpline Youth Counseling Inc,https://www.grantmakers.io/profiles/v1/954523232/,False
110,Dutra Museum Foundation,263896507,"San Rafael, CA",18000,47650,2024,CHARITABLE OPERATIONS,NORTH BAY CHILDREN'S CENTER,1,North Bay Childrens Center Inc,https://www.grantmakers.io/profiles/v1/263896507/,False
111,Alfred Bernhard Jacobsen TR 1996,046918010,"Brewster, MA",46320,46320,2024,CARDIAC CARE UNIT,THE HEALTH CARE FOUNDATION OF CAPE COD INC,1,The Unity Care Group,https://www.grantmakers.io/profiles/v1/046918010/,False
112,Dyson Foundation,136084888,"Millbrook, NY",15000,45000,2024,TOWARDS RENT AND UTILITY ASSISTANCE FOR CLIENTS WITH FINANCIAL NEED.,COMMUNITY ACTION PARTNERSHIP FOR DUTCHESS COUNTY,1,Community Action Partnership Of Sonoma County,https://www.grantmakers.io/profiles/v1/136084888/,False
113,Otto Bremer Trust,416019050,"St Paul, MN",42000,42000,2024,EMERGENCY RENTAL ASSISTANCE HENNEPIN COUNTY,COMMUNITY ACTION PARTNERSHIP OF HENNEPIN COUNTY,1,Community Action Partnership Of Sonoma County,https://www.grantmakers.io/profiles/v1/416019050/,False
114,S H Cowell Foundation,941392803,"San Francisco, CA",40000,40000,2024,TO SUPPORT A YOUTH MENTAL HEALTH WELLNESS PROGRAM IN SONOMA VALLEY.,HANNA CENTER,1,Hanna Center (self),https://www.grantmakers.io/profiles/v1/941392803/,False
115,Adam R Scripps Foundation,854241768,"Ft Mitchell, KY",40000,40000,2024,General Operations,Kentucky Center for Public Service Journalism,1,Edgewood Center For Children And Families,https://www.grantmakers.io/profiles/v1/854241768/,False
116,Kaplen Foundation,226048152,"Tenafly, NJ",40000,40000,2024,GENERAL SUPPORT,CENTER FOR FOOD ACTION,1,Edgewood Center For Children And Families,https://www.grantmakers.io/profiles/v1/226048152/,False
117,Omidyar Network Fund Inc,201173866,"Redwood City, CA",40000,40000,2024,General operating support,Investor Advocates for Social Justice Inc,1,Social Advocates For Youth San Diego Inc,https://www.grantmakers.io/profiles/v1/201173866/,False
118,Sandberg Goldberg Bernthal Family Charitable Foundation,832713007,"San Francisco, CA",40000,40000,2024,SUPPORT THE DISTRIBUTION OF FOOD TO LOCAL RESIDENTS,COMMUNITY ACTION PARTNERSHIP OF KERN,1,Community Action Partnership Of Sonoma County,https://www.grantmakers.io/profiles/v1/832713007/,False
119,Justice Justice Foundation,271207919,"Wilmington, DE",20000,40000,2023,General & Unrestricted,YOUTH HOMES INCORPORATED,1,Youth Homes Incorporated,https://www.grantmakers.io/profiles/v1/271207919/,False
120,Thoresen Foundation,366102493,"Canton, GA",24000,39000,2024,Operational Support,North Bay Children's Ctr,1,North Bay Childrens Center Inc,https://www.grantmakers.io/profiles/v1/366102493/,False
121,Livingston Family Foundation,721590152,"Laguna Beach, CA",36000,36000,2024,CONTRIBUTION FOR AMBASSADOR LUNCHEON,ORANGEWOOD FOUNDATION,1,Orangewood Foundation,https://www.grantmakers.io/profiles/v1/721590152/,False
122,Kenneth T and Eileen L Norris Foundation,956080374,"Torrance, CA",35000,35000,2024,RESIDENTIAL SERVICES FOR CHILDREN,FIVE ACRES-THE BOYS AND GIRLS' AID SOCIETY OF LOS ANGELES COUNTY,1,Five Acres The Boys & Girls Aid Society Of Los Angeles County,https://www.grantmakers.io/profiles/v1/956080374/,False
123,Newmans Own Foundation,061606588,"Westport, CT",25000,35000,2022,SAY'S 340 CAMPAIGN,INDIVIDUALS NOW INC SOCIAL ADVOCATES FOR YOUTH,1,Individuals Now Inc Social Advocates For Youth,https://www.grantmakers.io/profiles/v1/061606588/,False
124,The Howard And Nikki Applebaum Foundation Trust,454160808,"Chino Hills, CA",33500,33500,2024,SUPPORT SERVICES,BOYS REPUBLIC,1,Boys Republic,https://www.grantmakers.io/profiles/v1/454160808/,False
125,Elizabeth Severance Prentiss Foundation,346512433,"Pittsburgh, PA",32000,32000,2024,CLOSING THE GAP; MOVING,HANNA PERKINS CENTER,1,Hanna Center (self),https://www.grantmakers.io/profiles/v1/346512433/,False
126,R C Durr Foundation Inc,611249998,"Covington, KY",30000,30000,2024,GENERAL SUPPORT,KENTUCKY CENTER FOR PUBLIC SERVICE,1,Edgewood Center For Children And Families,https://www.grantmakers.io/profiles/v1/611249998/,False
127,Henry & Marilyn Taub Foundation,226100525,"Teaneck, NJ",30000,30000,2024,UNRESTRICTED GRANT TO SUPPORT THE ORGANIZATION'S EXEMPT PURPOSE.,CENTER FOR FOOD ACTION,1,Edgewood Center For Children And Families,https://www.grantmakers.io/profiles/v1/226100525/,False
128,Hilltop Church,880377908,"Pahrump, NV",25000,30000,2024,CHARITABLE CONTRIBUTION,BILL WILSON CENTER,1,Bill Wilson Center,https://www.grantmakers.io/profiles/v1/880377908/,False
129,John C & Catherine S Angle Charitable Trust,836090332,"Lincoln, NE",30000,30000,2024,GENERAL CHARITABLE PURPOSE,COMMUNITY ACTION PARTNERSHIP,1,Community Action Partnership Of Sonoma County,https://www.grantmakers.io/profiles/v1/836090332/,False
130,Field-Hall Foundation,133410437,"Cortlandt Manor, NY",30000,30000,2024,EMERGENCY FINANCIAL ASSISTANCE FOR SENIORS,COMMUNITY ACTION PARTNERSHIP FOR DUTCHESS COUNTY INC,1,Community Action Partnership Of Sonoma County,https://www.grantmakers.io/profiles/v1/133410437/,False
131,Thomas Thompson Trust,030179429,"Boston, MA",15000,30000,2024,FOR RHINEBECK SCHOOLS FAMILY CONTINGENCY FUND,COMMUNITY ACTION PARTNERSHIP FOR DUTCHESS COUNTY INC,1,Community Action Partnership Of Sonoma County,https://www.grantmakers.io/profiles/v1/030179429/,False
132,Cheniere Cares Inc,822691447,"Houston, TX",28500,28500,2024,"Investment for Ingleside on the Bay Volunteer Fire Department to repair one of the Department's Response Vehicles, assembled ""Skid Unit"" with 2 hose reels, a 400 gallon Water Tank and pumping equipment",Ingleside on the Bay Community Development Project,1,The Unity Care Group,https://www.grantmakers.io/profiles/v1/822691447/,False
133,Arconic Foundation,843049720,"Pittsburgh, PA",25000,25000,2024,INTERACTIVE STEM FOR LOW-INCOME YOUTH,HANNA COMMUNITY CENTER,1,Hanna Center (self),https://www.grantmakers.io/profiles/v1/843049720/,False
134,Alan Donald Leve And Annette Melva Leve Family Foundation,854210648,"Los Angeles, CA",25000,25000,2024,VISTA'S HOUSE OF LOVINGKINDNESS - BEIT CHESED,VISTA DEL MAR CHILD AND FAMILY SERVICES,1,Vista Del Mar Child And Family Services,https://www.grantmakers.io/profiles/v1/854210648/,False
135,Rosalinde And Arthur Gilbert Foundation,562305694,"Los Angeles, CA",25000,25000,2024,VISTA DEL MARS JEWISH LIFE PROGRAM,VISTA DEL MAR CHILD AND FAMILY SERVICES,1,Vista Del Mar Child And Family Services,https://www.grantmakers.io/profiles/v1/562305694/,False
136,Keith And Cecilia Terasaki Family Foundation,461550552,"Arcadia, CA",25000,25000,2024,SUPPORT ADOPTION RESOURCE CENTERSUPPORT FUNDRAISER,VISTA DEL MAR CHILD FAMILY SERVICES,1,Vista Del Mar Child And Family Services,https://www.grantmakers.io/profiles/v1/461550552/,False
137,Ronald P & Susan E Lynch Foundation,136863977,"New York, NY",25000,25000,2024,SUPPORT ORGANIZATION'S PROGRAMS & ACTIVITIES,EDGEWOOD CENTER FOR CHILDREN & FAMILIES,1,Edgewood Center For Children And Families,https://www.grantmakers.io/profiles/v1/136863977/,False
138,Fridolin Charitable Tr Ua 06282006,546717390,"New York, NY",25000,25000,2024,PROVIDES LEGAL ASSISTANCE AND SOCIAL SERVICE FOR CHILDREN WHO EXPERIENCED ABUSE,SUPPORT CENTER FOR CHILD ADVOCATES,1,Social Advocates For Youth San Diego Inc,https://www.grantmakers.io/profiles/v1/546717390/,False
139,Ken and Debbie Johnson Foundation,453659817,"Las Vegas, NV",25000,25000,2024,GENERAL CONTRIBUTION,ORANGEWOOD FOUNDATION,1,Orangewood Foundation,https://www.grantmakers.io/profiles/v1/453659817/,False
140,Je Foundation,205655738,"Irvine, CA",25000,25000,2024,ASSIST WITH PROGRAMS TO DEVELOP STABLE HEALTHY FAMILIES AND SELF-SUFFICIENT ADULTS IN OUR COMMUNITIES.,ORANGEWOOD FOUNDATION,1,Orangewood Foundation,https://www.grantmakers.io/profiles/v1/205655738/,False
141,Dolezal Family Foundation Charitable Trust,476211774,"Lincoln, NE",25000,25000,2024,GENERAL CHARITABLE PURPOSE,COMMUNITY ACTION PARTNERSHIP,1,Community Action Partnership Of Sonoma County,https://www.grantmakers.io/profiles/v1/476211774/,False
142,Assurity Life Foundation,470775374,"Lincoln, NE",25000,25000,2024,Support Economic Self Sufficiency,Community Action Partnership,1,Community Action Partnership Of Sonoma County,https://www.grantmakers.io/profiles/v1/470775374/,False
143,Molina Family Foundation,371873999,"South Pasadena, CA",25000,25000,2024,OPERATING SUPPORT,COMMUNITY ACTION PARTNERSHIP OF SAN LUIS OBISPO,1,Community Action Partnership Of Sonoma County,https://www.grantmakers.io/profiles/v1/371873999/,False
144,The Audrey and Sydney Irmas Charitable Foundation,954030813,"Los Angeles, CA",25000,25000,2023,GENERAL SUPPORT,HELPLINE YOUTH COUNSELING INC,1,Helpline Youth Counseling Inc,https://www.grantmakers.io/profiles/v1/954030813/,False
145,Sarkeys Foundation,730736496,"Norman, OK",25000,25000,2022,RESIDENT ADVISOR FOR HOMELESS YOUTH,FLOURISH HOMES INCORPORATED,1,Youth Homes Incorporated,https://www.grantmakers.io/profiles/v1/730736496/,False
146,Josefa E Vancastricum Trust,946057350,"Saint Louis, MO",24800,24800,2024,GENERAL OPERATING,HANNA BOYS CENTER,1,Hanna Center (self),https://www.grantmakers.io/profiles/v1/946057350/,False
147,Youssef And Kamel Mawardi Fund,452703970,"Pasadena, CA",20000,20000,2024,"Provides a ""challenge grant"" to encourage others to contribute to the Giving Tuesday campaign for the Five Acres Permanency Campaign to support outreach, recruitment, training, certification and support of Foster Care and Adoption in Los Angeles County.",Five Acres Boy Girls Society of LA,1,Five Acres The Boys & Girls Aid Society Of Los Angeles County,https://www.grantmakers.io/profiles/v1/452703970/,False
148,Pinkus Happ Testamentary Trust Wells Fargo Bank Ttee,956025857,"Saint Louis, MO",10000,20000,2024,GENERAL OPERATING,MCKINLEY CHILDRENS CENTER INC,1,Mckinley Childrens Center Inc,https://www.grantmakers.io/profiles/v1/956025857/,False
149,Albert Parvin Foundation,952158989,"Los Angeles, CA",20000,20000,2024,CHARITABLE GIVING AND SUPPORT,VISTA DEL MAR,1,Vista Del Mar Child And Family Services,https://www.grantmakers.io/profiles/v1/952158989/,False
150,George & Marcia Good Family Foundation,954625355,"Pasadena, CA",20000,20000,2024,EDUCATION,BOYS REPUBLIC,1,Boys Republic,https://www.grantmakers.io/profiles/v1/954625355/,False
151,Shapiro Fam Foundation,226767630,"Brattleboro, VT",20000,20000,2024,GENERAL,CENTER FOR FOOD ACTION,1,Edgewood Center For Children And Families,https://www.grantmakers.io/profiles/v1/226767630/,False
152,Diaco Family Foundation Inc.,223763549,"Belleville, NJ",20000,20000,2024,CHARITABLE,CENTER FOR FOOD ACTION,1,Edgewood Center For Children And Families,https://www.grantmakers.io/profiles/v1/223763549/,False
153,David W Hearst Jr Foundation,843104245,"Rancho Santa Fe, CA",20000,20000,2024,MILITARY RESOURCE CENTER - FAMILY MENTAL HEALTH INITIATIVE,SOCIAL ADVOCATES FOR YOUTH SAN DIEGO INC,1,Social Advocates For Youth San Diego Inc,https://www.grantmakers.io/profiles/v1/843104245/,False
154,Oneroot Foundation,876588450,"Ketchum, ID",20000,20000,2024,TO PROVIDE LIFE-CHANGING PROGRAMS AND ONE-ON-ONE SUPPORT FOR ABUSED AND NEGLECTED CHILDREN AND AT-RISK FAMILIES.,ORANGEWOOD FOUNDATION,1,Orangewood Foundation,https://www.grantmakers.io/profiles/v1/876588450/,False
155,Ally Charitable Foundation,844571035,"Charlotte, NC",20000,20000,2024,TRANSITIONAL HOUSING PROGRAMS,ORANGEWOOD FOUNDATION,1,Orangewood Foundation,https://www.grantmakers.io/profiles/v1/844571035/,False
156,Frome Family Foundation,200396894,"Costa Mesa, CA",20000,20000,2024,Social Services,Orangewood Foundation,1,Orangewood Foundation,https://www.grantmakers.io/profiles/v1/200396894/,False
157,Tua FBO Negley Flinn Charitable Foundation 120600,256755515,"Pittsburgh, PA",20000,20000,2023,GENERAL SUPPORT,BUCKELEW PROGRAMS,1,Buckelew Programs,https://www.grantmakers.io/profiles/v1/256755515/,False
158,Rogers Foundation,476026897,"Lincoln, NE",20000,20000,2024,CHARITABLE,COMMUNITY ACTION PARTNERSHIP,1,Community Action Partnership Of Sonoma County,https://www.grantmakers.io/profiles/v1/476026897/,False
159,Harry T & Shirley W Dozor Founda- tion,237033771,"Point Pleasant, PA",20000,20000,2024,Support for Operation,Community Action Partnership of Sinoma County,1,Community Action Partnership Of Sonoma County,https://www.grantmakers.io/profiles/v1/237033771/,False
160,Leo C Balzereit Charitable Remainder Unitrust 1001-02-7 8,236859847,"Philadelphia, PA",20000,20000,2024,CHILDREN'S PROGRAM,Community Action Partnership of,1,Community Action Partnership Of Sonoma County,https://www.grantmakers.io/profiles/v1/236859847/,False
161,Jonas Family Foundation Trust,946749856,"Bend, OR",20000,20000,2022,GENERAL PURPOSES,NORTH BAY CHILDRENS CENTER,1,North Bay Childrens Center Inc,https://www.grantmakers.io/profiles/v1/946749856/,False
162,Milburn and Nancy Calhoun Foundation,261622652,"New Orleans, LA",20000,20000,2015,TO SUPPORT EDUCATIONAL PROGRAMS TO ENABLE BLIND INDIVIDUALS TO LIVE A MORE FULFILLING LIFE,BLIND LIVING IS NOW DOABLE INC,1,Individuals Now Inc Social Advocates For Youth,https://www.grantmakers.io/profiles/v1/261622652/,False
163,Nick Traina Foundation,943296757,"San Francisco, CA",20000,20000,2024,CHARITABLE,COUNSELING AND SUPPORT SERVICES FOR YOUTH,1,Counseling And Support Services For Youth,https://www.grantmakers.io/profiles/v1/943296757/,False
164,Waitte Foundation,770527049,"Los Gatos, CA",10000,15100,2024,Community Programs,Bill Wilson Center,1,Bill Wilson Center,https://www.grantmakers.io/profiles/v1/770527049/,False
165,Joyce L Wolf Foundation,876718183,"Lincoln, MA",15000,15000,2024,CHARITABLE OPERATIONS,VISTA DEL MAR CHILD AND FAMILY SERVICES,1,Vista Del Mar Child And Family Services,https://www.grantmakers.io/profiles/v1/876718183/,False
166,Magistro Foundation Inc.,680527894,"Pennington, NJ",15000,15000,2024,UNRESTRICTED GENERAL,BOYS REPUBLIC,1,Boys Republic,https://www.grantmakers.io/profiles/v1/680527894/,False
167,Columbia Bank Foundation,201115566,"Fair Lawn, NJ",15000,15000,2024,HOMELESSNESS PREVENTION SECURITY DEPOSIT ASSISTANCE PROGRAM,CENTER FOR FOOD ACTION IN NEW JERSEY,1,Edgewood Center For Children And Families,https://www.grantmakers.io/profiles/v1/201115566/,False
168,Tosa Foundation,943165171,"Portola Valley, CA",10000,15000,2024,US AID,BILL WILSON CENTER,1,Bill Wilson Center,https://www.grantmakers.io/profiles/v1/943165171/,False
169,Feibusch Foundation,942957919,"Los Angeles, CA",10000,15000,2024,GENERAL OPERATING SUPPORT,BUCKELEW PROGRAMS,1,Buckelew Programs,https://www.grantmakers.io/profiles/v1/942957919/,False
170,John Jay Hopkins Foundation,526036649,"Redondo Beach, CA",10000,15000,2024,MENTAL ILLNESS,BUCKELEW PROGRAMS,1,Buckelew Programs,https://www.grantmakers.io/profiles/v1/526036649/,False
171,Hilltop Group Charitable Foundation,200499862,"Tiburon, CA",7500,15000,2024,GENERAL SUPPORT,BUCKELEW PROGRAMS,1,Buckelew Programs,https://www.grantmakers.io/profiles/v1/200499862/,False
172,Peggy A Bell Foundation,823754494,"Encinatas, CA",15000,15000,2024,"POVERTY, HUNGER, HOMELESS",COMMUNITY ACTION PARTNERSHIP,1,Community Action Partnership Of Sonoma County,https://www.grantmakers.io/profiles/v1/823754494/,False
173,Truist Foundation Inc,237336418,"Orlando, FL",15000,15000,2024,BUILDING CAREER PATHWAYS TO,COMMUNITY ACTION PARTNERSHIP OF ORANGE,1,Community Action Partnership Of Sonoma County,https://www.grantmakers.io/profiles/v1/237336418/,False
174,Gamber Foundation,232331958,"Lancaster, PA",15000,15000,2024,GENERAL FUND,COMMUNITY ACTION PARTNERSHIP,1,Community Action Partnership Of Sonoma County,https://www.grantmakers.io/profiles/v1/232331958/,False
175,Dolotta Family Charitable Foundation Inc.,223694725,"Santa Barbara, CA",15000,15000,2024,FOR EXEMPT PURPOSE OF ORGANIZATION,COMMUNITY ACTION PARTNERSHIP OF ORANGE COUNTY,1,Community Action Partnership Of Sonoma County,https://www.grantmakers.io/profiles/v1/223694725/,False
176,Dino J Ghilotti Foundation,680353461,"Mill Valley, CA",10000,15000,2020,Support of academic & athletic programs.,NORTH BAY CHILDREN'S CNTER,1,North Bay Childrens Center Inc,https://www.grantmakers.io/profiles/v1/680353461/,False
177,Thomas & Ellen Hogue Family Foundation Inc.,261320487,"Wilmington, DE",15000,15000,2024,Vocational Training Scholarship Fund,THE UNITY CARE GROUP,1,The Unity Care Group,https://www.grantmakers.io/profiles/v1/261320487/,False
178,Catholic Human Services Foundation,262967521,"Ringoes, NJ",15000,15000,2024,FUNDING TO REPLACE A BROKEN AIR-CONDITIONING UNIT WHICH WILL BENEFIT THOSE HELPING THE HOMELESS.,THE CARE SERVICE STS JOACHIM & ANN,1,The Unity Care Group,https://www.grantmakers.io/profiles/v1/262967521/,False
179,M3k Foundation,205998535,"Los Angeles, CA",15000,15000,2023,CARE TO VURNERABLE CHILDREN,KERN BRIDGES YOUTH HOMES,1,Kern Bridges Youth Homes,https://www.grantmakers.io/profiles/v1/205998535/,False
180,Bogota Savings Bank Charitable Foundation Inc,844286896,"Teaneck, NJ",14144,14144,2024,GRANT,CENTER FOR FOOD ACTIONS-NJ,1,Edgewood Center For Children And Families,https://www.grantmakers.io/profiles/v1/844286896/,False
181,Quentin J Kennedy Foundation,222653050,"Tenafly, NJ",14000,14000,2024,CHARITABLE,CENTER FOR FOOD ACTION,1,Edgewood Center For Children And Families,https://www.grantmakers.io/profiles/v1/222653050/,False
182,The McDonald Fam Foundation,352312036,"Long Beach, CA",13000,13000,2024,SUPPORT & FACILITATE CHARITABLE WORKS,HANNA BOYS CENTER,1,Hanna Center (self),https://www.grantmakers.io/profiles/v1/352312036/,False
183,John Howard Grace Trust E-4563,956271094,"Milwaukee, WI",12846,12846,2024,GENERAL OPERATING,VISTA DEL MAR CHILD & FAMILY SERVICE,1,Vista Del Mar Child And Family Services,https://www.grantmakers.io/profiles/v1/956271094/,False
184,Elks of Los Angeles Foundation Fund Crocker National Bank Trust Dept,956019849,"Saint Louis, MO",12617,12617,2024,GENERAL OPERATING,VISTA DEL MAR CHILD AND FAMILY SERVICES,1,Vista Del Mar Child And Family Services,https://www.grantmakers.io/profiles/v1/956019849/,False
185,Corrine and Lenny Sands Foundation,954891834,"Los Angeles, CA",12500,12500,2024,TO FURTHER THE ORGANIZATION'S CHARITABLE PURPOSE,VISTA DEL MAR CHILD AND FAMILY SERVICES,1,Vista Del Mar Child And Family Services,https://www.grantmakers.io/profiles/v1/954891834/,False
186,Lazares Family Foundation,770587687,"Monte Sereno, CA",7500,12500,2024,GENERAL SUPPORT,BILL WILSON CENTER,1,Bill Wilson Center,https://www.grantmakers.io/profiles/v1/770587687/,False
187,The Edward W Robert Family Foundation,912172014,"Pennington, NJ",7500,12500,2023,UNRESTRICTED GENERAL,BILL WILSON CENTER,1,Bill Wilson Center,https://www.grantmakers.io/profiles/v1/912172014/,False
188,Magheramourne Foundation,330736025,"Newport Beach, CA",12500,12500,2024,General purpose,OrangewoodFoundation,1,Orangewood Foundation,https://www.grantmakers.io/profiles/v1/330736025/,False
189,Dogwood Health Trust,830590696,"Asheville, NC",12500,12500,2024,DISCRETIONARY STAFF CARE AND SUPPORT FOLLOWING HURRICANE HELENE.,UNITY IN THE COMMUNITY,1,The Unity Care Group,https://www.grantmakers.io/profiles/v1/830590696/,False
190,Chinook Foundation,841251809,"La Quinta, CA",7000,12000,2025,CHARITABLE,CENTER FOR FOOD ACTION,1,Edgewood Center For Children And Families,https://www.grantmakers.io/profiles/v1/841251809/,False
191,George W Rentschler Foundation,236627872,"Philadelphia, PA",12000,12000,2024,FOR SUPPORT OF CHILDREN WITH COMPLEX MEDICAL NEEDS PROGRAM WHICH PROVIDES LAWYER AND SOCIAL WORKER ADVOCATES FOR YOUNG CHILDREN WITH LASTING PHYSICAL PROBLEMS RELATED TO ABUSE AND NEGLECT.,SUPPORT CENTER FOR CHILD ADVOCATES,1,Social Advocates For Youth San Diego Inc,https://www.grantmakers.io/profiles/v1/236627872/,False
192,Jennie and Scott Watson Family Foundation,203510846,"Costa Mesa, CA",12000,12000,2024,TO PROVIDE ASSITANCE TO YOUNG PEOPLE FACING HOMELESSNESS AND AND TRANSITIONING FROM FOSTER CARE TO INDEPENDENCE.,ORANGEWOOD FOUNDATION,1,Orangewood Foundation,https://www.grantmakers.io/profiles/v1/203510846/,False
193,Arthur M Robinson Foundation,367092959,"Dallas, TX",10000,10000,2024,UNRESTRICTED GENERAL,HANNA BOYS CENTER,1,Hanna Center (self),https://www.grantmakers.io/profiles/v1/367092959/,False
194,The Mericos Foundation,953500491,"Pasadena, CA",5000,10000,2024,RECREATION ROOM AND GENERAL OPERATING SUPPORT,MCKINLEY CHILDREN'S CENTER INC,1,Mckinley Childrens Center Inc,https://www.grantmakers.io/profiles/v1/953500491/,False
195,Henry L Guenther Foundation,956026937,"Seal Beach, CA",10000,10000,2022,"Funds for paint, fixtures, furniture, and improvements to their common space and rec center",McKinley Children's Center Inc,1,Mckinley Childrens Center Inc,https://www.grantmakers.io/profiles/v1/956026937/,False
196,The Three Sisters Foundation,956027369,"Wilmington, DE",10000,10000,2024,General & Unrestricted,VISTA DEL MAR CHILD AND FAMILY SERVICES,1,Vista Del Mar Child And Family Services,https://www.grantmakers.io/profiles/v1/956027369/,False
197,Ornest Family Foundation,954436139,"Santa Monica, CA",10000,10000,2024,SUPPORT OF CHILD AND FAMILY SERVICES,VISTA DEL MAR,1,Vista Del Mar Child And Family Services,https://www.grantmakers.io/profiles/v1/954436139/,False
198,Robert & Joan Blackman Family Foundation,461630096,"Malibu, CA",10000,10000,2024,FINANCIAL SUPPORT,VISTA DEL MAR,1,Vista Del Mar Child And Family Services,https://www.grantmakers.io/profiles/v1/461630096/,False
199,Neisloss Family Foundation Inc,113086865,"Plainview, NY",10000,10000,2024,GENERAL,VISTA DEL MAR CHILD & FAMILY,1,Vista Del Mar Child And Family Services,https://www.grantmakers.io/profiles/v1/113086865/,False
200,Lillys Gift Foundation,680445376,"Yreka, CA",10000,10000,2024,TO SUPPORT THE CHARITABLE MISSION OF THE ORGANIZATION,BOYS REPUBLIC WREATH,1,Boys Republic,https://www.grantmakers.io/profiles/v1/680445376/,False
201,Oarsmen Foundation,330754362,"Torrance, CA",10000,10000,2024,FUNDS FOR CHARITY,BOYS REPUBLIC,1,Boys Republic,https://www.grantmakers.io/profiles/v1/330754362/,False
202,Neilan Foundation,205481398,"Pasadena, CA",10000,10000,2024,TO SUPPORT PROGRAMS PROVIDING SERVICES TO ADDRESS THE NEEDS OF YOUNG PEOPLE,BOYS REPUBLIC,1,Boys Republic,https://www.grantmakers.io/profiles/v1/205481398/,False
203,Frank and Esther G Stein and Carol S Geisenheimer Charitable Foundati,262647152,"Tenafly, NJ",5000,10000,2025,Charity,Center for Food Action,1,Edgewood Center For Children And Families,https://www.grantmakers.io/profiles/v1/262647152/,False
204,Sarah I Schiefflin Resid Tr,136724459,"Pittsburgh, PA",10000,10000,2024,GENERAL OPERATING,CENTER FOR FOOD ACTION,1,Edgewood Center For Children And Families,https://www.grantmakers.io/profiles/v1/136724459/,False
205,Blair J Wilson Charitable Trust,621498117,"Nashville, TN",5000,10000,2024,GENERAL USE,BILL WILKERSON CENTER AT VANDERBILT HOSPITAL,1,Bill Wilson Center,https://www.grantmakers.io/profiles/v1/621498117/,False
206,Maggie and Earl Russel Foundation,954078318,"Laguna Beach, CA",10000,10000,2024,To support youth on their way to self sufficiency,Orangewood Foundation,1,Orangewood Foundation,https://www.grantmakers.io/profiles/v1/954078318/,False
207,Aje Foundation,874232285,"Chino Hills, CA",10000,10000,2024,TO SUPPORT FOSTER YOUTH IN NEED,ORANGEWOOD FOUNDATION,1,Orangewood Foundation,https://www.grantmakers.io/profiles/v1/874232285/,False
208,First Bank Foundation,832253071,"Creve Coeur, MO",10000,10000,2024,Lyon Workforce Academy,Orangewood Foundation,1,Orangewood Foundation,https://www.grantmakers.io/profiles/v1/832253071/,False
209,Banc Of California Charitable Foundation,812984187,"Santa Ana, CA",10000,10000,2024,THE PURPOSE OF THIS GRANT IS TO SUPPORT COMMUNITY DEVELOPMENT PROGRAMS,Community Action Partnership of Orange County,1,Community Action Partnership Of Sonoma County,https://www.grantmakers.io/profiles/v1/812984187/,False
210,Fluor Foundation,510196032,"Irving, TX",10000,10000,2024,FARM TO FAMILY FRESH PRODUCE PROGRAM,COMMUNITY ACTION PARTNERSHIP OF,1,Community Action Partnership Of Sonoma County,https://www.grantmakers.io/profiles/v1/510196032/,False
211,Moeller Charitable Tr,306090407,"Lincoln, NE",10000,10000,2024,GRANT DISTRIBUTION,COMMUNITY ACTION PARTNERSHIP,1,Community Action Partnership Of Sonoma County,https://www.grantmakers.io/profiles/v1/306090407/,False
212,Tark Family Foundation,832671425,"Philadelphia, PA",10000,10000,2023,SUPPORT OPERATIONS,NORTH BAY CHILDREN'S CENTER,1,North Bay Childrens Center Inc,https://www.grantmakers.io/profiles/v1/832671425/,False
213,Holzer Family Foundation A Newjersey Nonprofit Corporation,208901603,"Hohokus, NJ",9375,9375,2024,FOR OPERATIONS,CENTER FOR FOOD ACTION,1,Edgewood Center For Children And Families,https://www.grantmakers.io/profiles/v1/208901603/,False
214,Azus Foundation Inc.,953386905,"San Francisco, CA",9094,9094,2024,DONATIONS,VISTA DEL MAR CHILD CARE SERVICES,1,Vista Del Mar Child And Family Services,https://www.grantmakers.io/profiles/v1/953386905/,False
215,Donald D and Carol L Bremer Foundation,200507916,"Chino, CA",9000,9000,2024,CHARITABLE DONATION,BOYS REPUBLIC,1,Boys Republic,https://www.grantmakers.io/profiles/v1/200507916/,False
216,Bellis Demarest Gregg Foundation In C,854148912,"San Francisco, CA",9000,9000,2024,GENERAL FUND,EDGEWOOD CENTER FOR CHILDREN AND FAMILIES,1,Edgewood Center For Children And Families,https://www.grantmakers.io/profiles/v1/854148912/,False
217,Buddy Taub Foundation,954588448,"Los Angeles, CA",8500,8500,2024,GENERAL SUPPORT,VISTA DEL MAR CHILD & FAMILY SERVICES,1,Vista Del Mar Child And Family Services,https://www.grantmakers.io/profiles/v1/954588448/,False
218,Robert Wood Johnson Foundation,226029397,"Princeton, NJ",8250,8250,2024,80425 CREATING AWARENESS OF AND FACILITATING ENROLLMENT IN NEW JERSEY'S INCREASED SUPPLEMENTAL NUTRITION ASSISTANCE PROGRAM BENEFIT FOR LOW-INCOME SENIORS,CENTER FOR FOOD ACTION IN NEW JERSEY INC,1,Edgewood Center For Children And Families,https://www.grantmakers.io/profiles/v1/226029397/,False
219,Gerald L Keesecker Tr UW 030794 318,946666488,"Saint Louis, MO",8000,8000,2024,GENERAL OPERATING,HANNA BOYS CENTER,1,Hanna Center (self),https://www.grantmakers.io/profiles/v1/946666488/,False
220,City Limits Foundation,874509470,"Lancaster, PA",8000,8000,2024,TO FURTHER THE MISSION OF THE RECIPIENT.,COMMUNITY ACTION PARTNERSHIP OF LANCASTER,1,Community Action Partnership Of Sonoma County,https://www.grantmakers.io/profiles/v1/874509470/,False
221,Alles Foundation Incorporated,208015238,"Evansville, IN",2000,8000,2025,AID DISADVANTAGED YOUTH,METHODIST YOUTH HOME,1,Youth Homes Incorporated,https://www.grantmakers.io/profiles/v1/208015238/,False
222,Sidney Stern Memorial Trust No 300-6-4020-02,956495222,"Saint Louis, MO",7500,7500,2024,GENERAL OPERATING,VISTA DEL MAR CHILD AND FAMILY,1,Vista Del Mar Child And Family Services,https://www.grantmakers.io/profiles/v1/956495222/,False
223,Walter B Lindheimer Charitable Foundation,331116963,"Los Angeles, CA",7500,7500,2024,PUBLIC SUPPORT OF ORGANIZATION MISSION,VISTA DEL MAR CHILD & FAMILY SERVICES,1,Vista Del Mar Child And Family Services,https://www.grantmakers.io/profiles/v1/331116963/,False
224,Stephen And Mary Graves Familyfoundation,260396736,"Santa Rosa, CA",7500,7500,2024,OPERATIONS,BOYS REPUBLIC,1,Boys Republic,https://www.grantmakers.io/profiles/v1/260396736/,False
225,David & Eleanore Rukin Philanthropic Foundation,221715380,"Allendale, NJ",7500,7500,2024,CHARITABLE,CENTER FOR FOOD ACTION,1,Edgewood Center For Children And Families,https://www.grantmakers.io/profiles/v1/221715380/,False
226,Bangor Savings Bank Foundation,043353896,"Bangor, ME",7500,7500,2024,General Operating Support,Community Action Partnership of Strafford,1,Community Action Partnership Of Sonoma County,https://www.grantmakers.io/profiles/v1/043353896/,False
227,Foundation for Sustainability and Innovation,330785572,"Laguna Beach, CA",7500,7500,2024,Education,North Bay Children's Center,1,North Bay Childrens Center Inc,https://www.grantmakers.io/profiles/v1/330785572/,False
228,The Upjohn Fund of San Francisco,943116041,"Wilmington, DE",7500,7500,2023,General & Unrestricted,NORTH BAY CHILDRENS CENTER INC,1,North Bay Childrens Center Inc,https://www.grantmakers.io/profiles/v1/943116041/,False
229,Hugh and Patricia Okane Foundation,274313631,"Hobe Sound, FL",3500,7500,2024,AN UNWAVERING ADVOCATE FOR FAMILIES IN NEED.HELPING THOSE MOST CHALLENGED TO OVERCOME ADVERSITY WITH DIGNITY AND PRIVACY.,YOUTH AND FAMILY COUNSELING AGENCY,1,Helpline Youth Counseling Inc,https://www.grantmakers.io/profiles/v1/274313631/,False
230,Bicknell Fund,346513799,"Cleveland, OH",7000,7000,2024,OPERATING SUPPORT,HANNA PERKINS CENTER FOR CHILD DEVELOPMENT,1,Hanna Center (self),https://www.grantmakers.io/profiles/v1/346513799/,False
231,Richard A & James F Corroon Foundation Inc.,237000812,"Wilmington, DE",7000,7000,2024,GENERAL FUND,HANNA BOYS CENTER,1,Hanna Center (self),https://www.grantmakers.io/profiles/v1/237000812/,False
232,Passport Foundation,261580196,"Wilmington, DE",6000,6000,2024,Employee Matching,EDGEWOOD CENTER FOR CHILDREN AND FAMILIES,1,Edgewood Center For Children And Families,https://www.grantmakers.io/profiles/v1/261580196/,False
233,Korean American Buddhist Foundation Inc.,223386949,"Alpine, NJ",6000,6000,2024,CONTRIBUTION TO GOOD CAUSE,CENTER FOR FOOD ACTION,1,Edgewood Center For Children And Families,https://www.grantmakers.io/profiles/v1/223386949/,False
234,The Elroy And Terry Krunholz Foundation Inc,133641606,"New York, NY",6000,6000,2024,CHARITABLE PURPOSES,SOCIAL ADVOCATES FOR YOUTH,1,Social Advocates For Youth San Diego Inc,https://www.grantmakers.io/profiles/v1/133641606/,False
235,Mara W Breech Foundation,954474892,"Santa Monica, CA",5500,5500,2024,TEACHER TRAINING,VISTA DEL MAR CHILD AND FAMILY SERVICES,1,Vista Del Mar Child And Family Services,https://www.grantmakers.io/profiles/v1/954474892/,False
236,Raskob Foundation For Catholic Activities Incorporated,510070060,"Wilmington, DE",3500,5500,2024,"TOWARD EXPENSES OF VOTER EDUCATION OUTREACH INITIATIVES.NOTE: FOUNDATION FUNDING MAY NOT BE USED FOR LOBBYING OR ANY OTHER LEGISLATIVE, POLITICAL, OR NON-CHARITABLE ACTIVITY, TO INFLUENCE LEGISLATION OR THE OUTCOME OF ANY ELECTION, OR TO CARRY ON ANY VOTER REGISTRATION DRIVE.",NETWORK EDUCATION PROGRAM DBA NETWORK ADVOCATES FOR CATHOLIC SOCIAL JUSTICE,1,Social Advocates For Youth San Diego Inc,https://www.grantmakers.io/profiles/v1/510070060/,False
237,Grey Family Foundation,680323540,"Tiburon, CA",5000,5000,2024,PROGRAM SUPPORT,HANNA CENTER,1,Hanna Center (self),https://www.grantmakers.io/profiles/v1/680323540/,False
238,Celebrate Foundation Inc,942449535,"San Francisco, CA",5000,5000,2024,FOR GENERAL OPERATING SUPPORT,HANNA BOYS CENTER,1,Hanna Center (self),https://www.grantmakers.io/profiles/v1/942449535/,False
239,Sylvia And Heath Oliver Foundation,276741642,"Beachwood, OH",5000,5000,2024,Educational,Hanna Perkins Center for Child Development,1,Hanna Center (self),https://www.grantmakers.io/profiles/v1/276741642/,False
240,Sam J Frankino Foundation,205380431,"Cleveland, OH",5000,5000,2024,OPERATING,HANNA PERKINS CENTER FOR CHILD DEVELOPMENT,1,Hanna Center (self),https://www.grantmakers.io/profiles/v1/205380431/,False
241,Robert A Waller Foundation,954509776,"Pasadena, CA",5000,5000,2024,GENERAL OPERATING SUPPORT,FIVE ACRES - THE BOYS & GIRLS AID S,1,Five Acres The Boys & Girls Aid Society Of Los Angeles County,https://www.grantmakers.io/profiles/v1/954509776/,False
242,B&r Hu Family Foundation,882152002,"Wilmington, DE",5000,5000,2024,GENERAL & UNRESTRICTED,FIVE ACRES-THE BOYS & GIRLS AID SOCIETY OF LOS ANGELES COUNTY,1,Five Acres The Boys & Girls Aid Society Of Los Angeles County,https://www.grantmakers.io/profiles/v1/882152002/,False
243,Kathryn G Favre Charitablefoundation For The Betterment Of An,205137010,"Saint Louis, MO",5000,5000,2024,TO PROVIDE SHELTERAND CARE FOR ABUSEDAND ABANDONED ANIMALS.,FIVE ACRES ANIMAL SHELTER,1,Five Acres The Boys & Girls Aid Society Of Los Angeles County,https://www.grantmakers.io/profiles/v1/205137010/,False
244,Roach Maxam Family Foundation,464297381,"Pleasanton, CA",5000,5000,2024,GENERAL SUPPORT,MCKINLEY CHILDREN'S CENTER,1,Mckinley Childrens Center Inc,https://www.grantmakers.io/profiles/v1/464297381/,False
245,Rita M McGinley Foundation,432024870,"Pittsburgh, PA",5000,5000,2022,MINISTRIES,LAUGHLIN CHILDRENS CENTER,1,Mckinley Childrens Center Inc,https://www.grantmakers.io/profiles/v1/432024870/,False
246,Max & Pauline Zimmer Family Foundation,956097374,"Beverly Hills, CA",5000,5000,2024,UNRESTRICTED,VISTA DEL MAR,1,Vista Del Mar Child And Family Services,https://www.grantmakers.io/profiles/v1/956097374/,False
247,Sanford & Phyllis Beim Fam Foundation,954829935,"Encino, CA",5000,5000,2024,MEDICAL CARE SERVICES,VISTA DEL MAR CHILD CARE SERVICES,1,Vista Del Mar Child And Family Services,https://www.grantmakers.io/profiles/v1/954829935/,False
248,Gail G Ellis Foundation Inc,364076867,"Bannockburn, IL",5000,5000,2024,PUBLIC CHARITY,VISTA DEL MAR,1,Vista Del Mar Child And Family Services,https://www.grantmakers.io/profiles/v1/364076867/,False
249,Allen & Anita Kohl Charitable Foundation Inc,237211587,"West Hollywood, CA",5000,5000,2024,GENERAL SUPPORT,VISTA DEL MAR,1,Vista Del Mar Child And Family Services,https://www.grantmakers.io/profiles/v1/237211587/,False
250,Gertrude And Murray Bennett Family Foundation,205716045,"Palm Beach Gardens, FL",5000,5000,2024,WISH LIST ITEMS,VISTA DEL MAR,1,Vista Del Mar Child And Family Services,https://www.grantmakers.io/profiles/v1/205716045/,False
251,Los Angeles Trial Lawyers Charities,205658982,"Santa Monica, CA",5000,5000,2024,TO ADVANCE RECIPIENT'S CHARITABLE PURPOSE,VISTA DEL MAR CHILD & FAMILY SERVICES,1,Vista Del Mar Child And Family Services,https://www.grantmakers.io/profiles/v1/205658982/,False
252,Hyman Levine Family Foundation Ldor Vdor,201917833,"Beverly Hills, CA",5000,5000,2024,CHARITY/EDUCATION,VISTA DEL MAR,1,Vista Del Mar Child And Family Services,https://www.grantmakers.io/profiles/v1/201917833/,False
253,Palace Head Foundation Inc,201740632,"Chestnut Hill, MA",5000,5000,2024,COMMUNITY & CHARITABLE,VISTA DEL MAR,1,Vista Del Mar Child And Family Services,https://www.grantmakers.io/profiles/v1/201740632/,False
254,Phileo Foundation,931283076,"San Francisco, CA",5000,5000,2024,SHELTER AND HELP FOR MOTHERS & CHILDREN,EDGEWOOD CENTER FOR CHILDREN AND FAMILIES,1,Edgewood Center For Children And Families,https://www.grantmakers.io/profiles/v1/931283076/,False
255,The Richard A And Loretta M Stratton Charitable Foundation,306027197,"Wyckoff, NJ",5000,5000,2024,FOOD ASSISTANCE,CENTER FOR FOOD ACTION,1,Edgewood Center For Children And Families,https://www.grantmakers.io/profiles/v1/306027197/,False
256,Krishnan-Shah Family Foundation Inc,943288599,"San Francisco, CA",5000,5000,2024,TO SUPPORT CHARITABLE PURPOSES,BILL WILSON CENTER,1,Bill Wilson Center,https://www.grantmakers.io/profiles/v1/943288599/,False
257,Ernst & Gertrude Ticho Charitable Foundation Tr,546617185,"Delray Beach, FL",5000,5000,2024,SPECIAL GIFT,BILL WILSON CENTER,1,Bill Wilson Center,https://www.grantmakers.io/profiles/v1/546617185/,False
258,Hand Foundation,562403164,"Wilmington, DE",5000,5000,2023,"""I AM"" work and for foster kids programs",BILL WILSON CENTER,1,Bill Wilson Center,https://www.grantmakers.io/profiles/v1/562403164/,False
259,Western Alliance Community Foundation Inc.,472561249,"Phoenix, AZ",5000,5000,2024,COMMUNITY SUPPORT,SOCIAL ADVOCATES FOR YOUTH SAN DIEGO INC,1,Social Advocates For Youth San Diego Inc,https://www.grantmakers.io/profiles/v1/472561249/,False
260,Heal-Helping Every Aspect Of Life,821699271,"Plano, TX",5000,5000,2024,DONATION,INVESTOR ADVOCATES FOR SOCIAL JUSTICE,1,Social Advocates For Youth San Diego Inc,https://www.grantmakers.io/profiles/v1/821699271/,False
261,William David Sommerville Foundation,882182033,"Laguna Beach, CA",5000,5000,2024,CHARITABLE,ORANGEWOOD FOUNDATION,1,Orangewood Foundation,https://www.grantmakers.io/profiles/v1/882182033/,False
262,Synchrony Foundation,822935158,"Stamford, CT",5000,5000,2024,FUNDING SUPPORTS GENERAL OPERATIONS AND PROGRAMMING.,ORANGEWOOD FOUNDATION,1,Orangewood Foundation,https://www.grantmakers.io/profiles/v1/822935158/,False
263,H N And Frances C Berger Foundation,521757452,"Palm Desert, CA",5000,5000,2024,"for scholarships, housing needs, resources for foster youth",Orangewood Foundation,1,Orangewood Foundation,https://www.grantmakers.io/profiles/v1/521757452/,False
264,Woravka Family Foundation for Children,464014212,"Huntington Beach, CA",5000,5000,2024,"AMOUNTS TO BE USED FOR SCHOLARSHIP AND GRANTS PROGRAM FOR FOSTER YOUTH. FINANCIAL ASSISTANCE SO THE FOSTER YOUTY MAY PARTICIPATE IN NORMALIZING CHILDHOOD ACTIVITIES, SUCH AS AFTERSCHOOL SPORTS, AND SUMMER CAMPS.",ORANGEWOOD FOUNDATION,1,Orangewood Foundation,https://www.grantmakers.io/profiles/v1/464014212/,False
265,Whaley Wings Foundation,205961609,"San Clemente, CA",5000,5000,2024,TO SUPPORT YOUNG PEOPLE IN ORANGE COUNTY AS THEY PREPARE FOR ADULTHOOD AND INDEPENDENCE.,ORANGEWOOD FOUNDATION,1,Orangewood Foundation,https://www.grantmakers.io/profiles/v1/205961609/,False
266,Raybould Family Foundation,921307740,"Lincoln, NE",5000,5000,2024,SUPPORT,Community Action Partnership,1,Community Action Partnership Of Sonoma County,https://www.grantmakers.io/profiles/v1/921307740/,False
267,Connexus Energy Foundation,843918068,"Ramsey, MN",5000,5000,2024,DONATION,COMMUNITY ACTION PARTNERSHIP OF RAMSEY & WASHINGTON COUNTIES,1,Community Action Partnership Of Sonoma County,https://www.grantmakers.io/profiles/v1/843918068/,False
268,Sharkey Foundation,471892164,"Ashland, OR",5000,5000,2024,TEEN WELLNESS PROGRAM,COMMUNITY ACTION PARTNERSHIP SLO,1,Community Action Partnership Of Sonoma County,https://www.grantmakers.io/profiles/v1/471892164/,False
269,James Stuart III Family Foundation,470772668,"Lincoln, NE",5000,5000,2024,Charitable,Community Action Partnership,1,Community Action Partnership Of Sonoma County,https://www.grantmakers.io/profiles/v1/470772668/,False
270,Exchange Bank Foundation,942576480,"Santa Rosa, CA",5000,5000,2024,BRIGHT FUTURES CAPITAL CAMPAIGN TO COMPLETE THE EXPANSION AND MODERNIZATION OF THEIR MAIN CHILDCARE CAMPUS,NORTH BAY CHILDREN'S CENTER (NBCC),1,North Bay Childrens Center Inc,https://www.grantmakers.io/profiles/v1/942576480/,False
271,Erich and Hannah Sachs Foundation,223337781,"San Rafael, CA",5000,5000,2024,EDUCATION,NORTH BAY CHILDREN'S CENTER,1,North Bay Childrens Center Inc,https://www.grantmakers.io/profiles/v1/223337781/,False
272,Carris Foundation Inc,030326934,"Proctor, VT",5000,5000,2024,TO HELP PROVIDE RESIDENTS WITH TRAINED STAFF AND THE CARE AND ATTENTION NEEDED,THE MEADOWS MEMORY CARE UNIT,1,The Unity Care Group,https://www.grantmakers.io/profiles/v1/030326934/,False
273,Grace Ford Salvatori Foundation,957067576,"Beverly Hills, CA",4750,4750,2024,SUPPORT YOUTH ACTIVITIES AND EDUCATION,BOYS REPUBLIC OF CHINO FOUNDATION,1,Boys Republic,https://www.grantmakers.io/profiles/v1/957067576/,False
274,Dennis and Gloria Obrien Foundation,522390855,"San Mateo, CA",4200,4200,2024,GOLF CLASSIC,HANNA CENTER GOLF CLASSIC,1,Hanna Center (self),https://www.grantmakers.io/profiles/v1/522390855/,False
275,A B & J Noyes Foundation Inc.,136161124,"Garden City, NY",4000,4000,2024,GENERAL OPERATIONS,HANNA BOYS CENTER,1,Hanna Center (self),https://www.grantmakers.io/profiles/v1/136161124/,False
276,Doehring Foundation,956044405,"Studio City, CA",4000,4000,2023,CHARITABLE PURPOSES,MCKINLEY CHILDREN'S CENTER,1,Mckinley Childrens Center Inc,https://www.grantmakers.io/profiles/v1/956044405/,False
277,Cas Foundation Inc,481292269,"Studio City, CA",4000,4000,2024,MENTAL HEALTH SERVICES FOR CHILDREN,VISTA DEL MAR,1,Vista Del Mar Child And Family Services,https://www.grantmakers.io/profiles/v1/481292269/,False
278,Foster Orben Charitable Trust,311051347,"Columbus, IN",4000,4000,2024,Social Welfare,Advocates for Children,1,Social Advocates For Youth San Diego Inc,https://www.grantmakers.io/profiles/v1/311051347/,False
279,Marianne And Albert Figen Foundation,943341194,"Nicasio, CA",4000,4000,2024,CHARITABLE PURPOSE OF ORGANIZATION,BUCKELEW PROGRAMS,1,Buckelew Programs,https://www.grantmakers.io/profiles/v1/943341194/,False
280,Forest Family Foundation,954438403,"Glendale, CA",3800,3800,2024,CHARITABLE PURPOSE OF ORGANIZATION,VISTA DEL MAR,1,Vista Del Mar Child And Family Services,https://www.grantmakers.io/profiles/v1/954438403/,False
281,Gotham Charitable Foundation Inc.,810921475,"Montvale, NJ",3500,3500,2024,GENERAL CONTRIBUTION,CENTER FOR FOOD ACTION ENGLEWOOD,1,Edgewood Center For Children And Families,https://www.grantmakers.io/profiles/v1/810921475/,False
282,John Richard Stenken Jr Charitable Trust Dated August 17 2,873659492,"Hackensack, NJ",3500,3500,2024,GENERAL PURPOSES.,CENTER FOR FOOD ACTION,1,Edgewood Center For Children And Families,https://www.grantmakers.io/profiles/v1/873659492/,False
283,Clinton D & Grace Carlough Charitable Foundation,222766115,"Hackensack, NJ",3500,3500,2024,GENERAL USE,CENTER FOR FOOD ACTION MAHWAH,1,Edgewood Center For Children And Families,https://www.grantmakers.io/profiles/v1/222766115/,False
284,Beightler Squires Charitable Tr,776183959,"Tustin, CA",3500,3500,2024,CHARITABLE,ORANGEWOOD FOUNDATION,1,Orangewood Foundation,https://www.grantmakers.io/profiles/v1/776183959/,False
285,Fenwick Foundation,562150323,"Pennington, NJ",3500,3500,2023,UNRESTRICTED GENERAL,NORTH BAY CHILDRENS CENTER,1,North Bay Childrens Center Inc,https://www.grantmakers.io/profiles/v1/562150323/,False
286,Seeley W Mudd Foundation,956021273,"Los Angeles, CA",3250,3250,2024,QUALIFIED CHARITABLE EXEMPT PURPOSE,BOYS REPUBLIC,1,Boys Republic,https://www.grantmakers.io/profiles/v1/956021273/,False
287,The Renaissance Foundation,931306116,"Portland, OR",3000,3000,2024,GENERAL OPERATING PURPOSES,FIVE ACRES,1,Five Acres The Boys & Girls Aid Society Of Los Angeles County,https://www.grantmakers.io/profiles/v1/931306116/,False
288,United Charity Foundation,364557659,"San Gabriel, CA",2500,2500,2024,DONATION FOR THEIR COTTAGE ANGEL PROGRAM,FIVE ACRESS,1,Five Acres The Boys & Girls Aid Society Of Los Angeles County,https://www.grantmakers.io/profiles/v1/364557659/,False
289,Robert London Moore Jr Foundation,456304457,"Verdugo City, CA",2500,2500,2024,CHARITABLE GIFT,BOYS REPUBLIC,1,Boys Republic,https://www.grantmakers.io/profiles/v1/456304457/,False
290,Lazard Foundation,824711344,"New York, NY",2500,2500,2024,UNRESTRICTED,EDGEWOOD CENTER FOR CHILDREN AND FAMILIES,1,Edgewood Center For Children And Families,https://www.grantmakers.io/profiles/v1/824711344/,False
291,Hymowitz Family Foundation,274267865,"Wilmington, DE",2500,2500,2024,General & Unrestricted,EDGEWOOD CENTER FOR CHILDREN AND FAMILIES,1,Edgewood Center For Children And Families,https://www.grantmakers.io/profiles/v1/274267865/,False
292,Porter Family Foundation,200128645,"San Mateo, CA",2500,2500,2024,FOR CAUSE,EDGEWOOD CENTER FOR CHILDREN FAMILI,1,Edgewood Center For Children And Families,https://www.grantmakers.io/profiles/v1/200128645/,False
293,Learning By Giving Foundation Inc,452324555,"Marshfield, MA",2500,2500,2023,GENERAL SUPPORT,BILL WILSON CENTER,1,Bill Wilson Center,https://www.grantmakers.io/profiles/v1/452324555/,False
294,Nia Community Foundation,455624662,"Wilmington, DE",2500,2500,2024,Racial Justice Investing (RJI),INVESTOR ADVOCATES FOR SOCIAL JUSTIC INC,1,Social Advocates For Youth San Diego Inc,https://www.grantmakers.io/profiles/v1/455624662/,False
295,Alexander Charitable Foundation Inc.,396045140,"Port Edwards, WI",2500,2500,2024,SAME,ORANGEWOOD FOUNDATION,1,Orangewood Foundation,https://www.grantmakers.io/profiles/v1/396045140/,False
296,L3harris Foundation Inc,346520425,"Melbourne, FL",2500,2500,2024,TO FURTHER THE EXEMPT PURPOSE OF THE ORGANIZATION,ORANGEWOOD FOUNDATION,1,Orangewood Foundation,https://www.grantmakers.io/profiles/v1/346520425/,False
297,Intact Charitable Trust Usa,232441567,"Plymouth, MN",2500,2500,2024,DONATION,ORANGEWOOD FOUNDATION,1,Orangewood Foundation,https://www.grantmakers.io/profiles/v1/232441567/,False
298,Union Home Foundation,463696382,"Strongsville, OH",2500,2500,2024,"TO SUPPORT THE ORGANIZATION'S MISSION OF HELPING PEOPLE ACHIEVE THEIR MONEY AND HOUSING GOALS THROUGH FINANCIAL EDUCATION, COUNSELING AND SUPPORT.",CONSUMER CREDIT COUNSELING SERVICE OF WESTERN NORTH CAROLINA,1,Counseling And Support Services For Youth,https://www.grantmakers.io/profiles/v1/463696382/,False
299,Swamy Family Foundation,300049982,"Pepper Pike, OH",2200,2200,2024,CHARITABLE,HANNA PERKINS CENTER,1,Hanna Center (self),https://www.grantmakers.io/profiles/v1/300049982/,False
300,Griffin-Phoenix Foundation,680398515,"Larkspur, CA",2000,2000,2024,SUPPORT FOR POOR AND NEEDY,HANNA CENTER,1,Hanna Center (self),https://www.grantmakers.io/profiles/v1/680398515/,False
301,Carl Bach Trust Two UW,956775121,"Los Angeles, CA",2000,2000,2024,TO ASSIST ORGANIZATION IN ACCOMPLISHING ITS GOALS,VISTA DEL MAR CHILD SUPPORT SERVICES,1,Vista Del Mar Child And Family Services,https://www.grantmakers.io/profiles/v1/956775121/,False
302,Susskind Family Foundation,954655122,"Los Angeles, CA",2000,2000,2024,"TO SUPPORT ORGANIZATION THAT HELPS STRUGGLING CHILDREN AND FAMILIES OVERCOME SOCIAL, EMOTIONAL, BEHAVIORAL AND DEVELOPMENTAL CHALLENGES BY PROVIDING THE HIGHEST QUALITY CARE AVAILABLE",VISTA DEL MAR,1,Vista Del Mar Child And Family Services,https://www.grantmakers.io/profiles/v1/954655122/,False
303,Lodge Foundation,871797433,"Thousand Oaks, CA",2000,2000,2024,GENERAL OPERATING BUDGET,VISTA DEL MAR CHILD FAMILY SERVICES,1,Vista Del Mar Child And Family Services,https://www.grantmakers.io/profiles/v1/871797433/,False
304,Asis Foundation,274866915,"Los Angeles, CA",2000,2000,2024,GENERAL,Vista Del Mar Foundation,1,Vista Del Mar Child And Family Services,https://www.grantmakers.io/profiles/v1/274866915/,False
305,Dome Construction Foundation,833279816,"South San Francisco, CA",2000,2000,2024,Contribution provided,Edgewood Center for Children and Families,1,Edgewood Center For Children And Families,https://www.grantmakers.io/profiles/v1/833279816/,False
306,Borch Foundation,208777443,"Saratoga, CA",1000,2000,2024,UNRESTRICTED,BILL WILSON CENTER,1,Bill Wilson Center,https://www.grantmakers.io/profiles/v1/208777443/,False
307,Karakoram Family Foundation,814647764,"Los Angeles, CA",2000,2000,2024,UNRESTRICTED,ORANGEWOOD FOUNDATION,1,Orangewood Foundation,https://www.grantmakers.io/profiles/v1/814647764/,False
308,Wallace Kent Foundation Inc.,201945069,"Tacoma, WA",2000,2000,2024,youth,Orangewood Foundation,1,Orangewood Foundation,https://www.grantmakers.io/profiles/v1/201945069/,False
309,Koh Charitable Foundation,201281725,"Glendale, CA",2000,2000,2024,SUPPORT EXEMPT PURPOSE OF DONEE,ORANGEWOOD FOUNDATION,1,Orangewood Foundation,https://www.grantmakers.io/profiles/v1/201281725/,False
310,Kebok Foundation,300106301,"Dana Point, CA",2000,2000,2024,"MATCHING GRANT FOR AURORA BEHAVIORAL HEALTHCARE-SANTA ROSA, LLC: CRISIS STABILIZATION SUPPORT",BUCKELEW PROGRAMS,1,Buckelew Programs,https://www.grantmakers.io/profiles/v1/300106301/,False
311,Enersen Foundation,911913330,"San Rafael, CA",1000,2000,2024,EARLY CHILDHOOD EDUCATION,NORTH BAY CHILDREN'S CENTER,1,North Bay Childrens Center Inc,https://www.grantmakers.io/profiles/v1/911913330/,False
312,Traditional Foundation,274373346,"Sebastopol, CA",1000,2000,2022,Non-specified grant support & org. mission,North Bay Childrens Center,1,North Bay Childrens Center Inc,https://www.grantmakers.io/profiles/v1/274373346/,False
313,Resnick Foundation,954658095,"Los Angeles, CA",2000,2000,2021,DONEE'S TAX EXEMPT PURPOSE,KERN BRIDGES YOUTH HOMES,1,Kern Bridges Youth Homes,https://www.grantmakers.io/profiles/v1/954658095/,False
314,Zumiez Foundation,203313651,"Lynnwood, WA",1771,1771,2024,FURTHER CHARITABLE GOALS,BILL WILSON CENTER,1,Bill Wilson Center,https://www.grantmakers.io/profiles/v1/203313651/,False
315,Tatjana Grgich Family Foundation,943131840,"Napa, CA",1500,1500,2024,YOUTH SUPPORT,HANNA BOYS CENTER,1,Hanna Center (self),https://www.grantmakers.io/profiles/v1/943131840/,False
316,O L Moore Foundation Hawaiian Trust Company Limited,366101149,"Wilmington, DE",1500,1500,2024,The McKinney-Vento Homeless Assistance Act students fund,FRIENDS OF THE CHILDRENS JUSTICE CENTER OF MAUI IN,1,Mckinley Childrens Center Inc,https://www.grantmakers.io/profiles/v1/366101149/,False
317,Select Equity Group Foundation,137221529,"New York, NY",1250,1250,2024,MATCHING GIFT,HANNA PERKINS CENTER,1,Hanna Center (self),https://www.grantmakers.io/profiles/v1/137221529/,False
318,Crary Foundation,956049776,"Corona Del Mar, CA",1200,1200,2024,UNRESTRICTED,BOYS REPUBLIC,1,Boys Republic,https://www.grantmakers.io/profiles/v1/956049776/,False
319,Shapiro Family Charitable Foundation,953887151,"Agoura Hills, CA",1000,1000,2024,GENERAL USE,VISTA DEL MAR CHILD FAMILY SERVICES,1,Vista Del Mar Child And Family Services,https://www.grantmakers.io/profiles/v1/953887151/,False
320,Tddb Bloomgarden Foundation,922075171,"Los Angeles, CA",1000,1000,2024,UNRESTRICTED,VISTA DEL MAR,1,Vista Del Mar Child And Family Services,https://www.grantmakers.io/profiles/v1/922075171/,False
321,Smothrich Family Foundation,911989466,"Los Angeles, CA",1000,1000,2024,RELIGIOUS AND EDUCATIONAL PURPOSES,VISTA DEL MAR CHILD AND FAMILY SERV,1,Vista Del Mar Child And Family Services,https://www.grantmakers.io/profiles/v1/911989466/,False
322,George W Patton Trust 10-10-206-2198310,956017501,"Dallas, TX",1000,1000,2024,UNRESTRICTED GENERAL,BOYS' REPUBLIC OF CHINO,1,Boys Republic,https://www.grantmakers.io/profiles/v1/956017501/,False
323,Klm Foundation,954682685,"Los Angeles, CA",1000,1000,2024,GENERAL,BOYS REPUBLIC,1,Boys Republic,https://www.grantmakers.io/profiles/v1/954682685/,False
324,Allstate Foundation,366116535,"Northbrook, IL",500,1000,2024,EMPLOYEE HELPING HANDS,BOYS REPUBLIC,1,Boys Republic,https://www.grantmakers.io/profiles/v1/366116535/,False
325,Speramus Foundation,943181132,"Hillsborough, CA",1000,1000,2024,GENERAL SUPPORT,EDGEWOOD CENTER FOR CHILDREN AND FAMILIES,1,Edgewood Center For Children And Families,https://www.grantmakers.io/profiles/v1/943181132/,False
326,Mcnabb Foundation,823609769,"Wilmington, DE",1000,1000,2024,General & Unrestricted,EDGEWOOD CENTER FOR CHILDREN AND FAMILIES,1,Edgewood Center For Children And Families,https://www.grantmakers.io/profiles/v1/823609769/,False
327,Penner Family Foundation,810831228,"Bentonville, AR",1000,1000,2024,Health - General Operating Support,Edgewood Center for Children and Families,1,Edgewood Center For Children And Families,https://www.grantmakers.io/profiles/v1/810831228/,False
328,Hoefer Family Foundation,366065404,"Burlingame, CA",1000,1000,2024,GENERAL SUPPORT,EDGEWOOD CENTER FOR CHILDREN AND FAMILIES,1,Edgewood Center For Children And Families,https://www.grantmakers.io/profiles/v1/366065404/,False
329,Arthur And Charlotte Zitrin Foundation,264299156,"San Francisco, CA",1000,1000,2024,GENERAL SUPPORT,EDGEWOOD CENTER FOR CHILDREN & FAMILIES,1,Edgewood Center For Children And Families,https://www.grantmakers.io/profiles/v1/264299156/,False
330,Heavens Helping Hand Foundation,943364407,"Sunnyvale, CA",1000,1000,2023,DIRECT FOR EXEMPT,BILL WILSON CENTER,1,Bill Wilson Center,https://www.grantmakers.io/profiles/v1/943364407/,False
331,Armanino Foundation,812649898,"San Ramon, CA",1000,1000,2023,HEALTH & SOCIAL SERVICES,BILL WILSON CENTER,1,Bill Wilson Center,https://www.grantmakers.io/profiles/v1/812649898/,False
332,S Weldon Family Foundation,870578900,"Huntington Beach, CA",1000,1000,2024,GENERAL SUPPORT,ORANGEWOOD FOUNDATION,1,Orangewood Foundation,https://www.grantmakers.io/profiles/v1/870578900/,False
333,Insurance Management Associates Foundation,237432160,"Wichita, KS",1000,1000,2024,PROGRAM SERVICES,ORANGEWOOD FOUNDATION,1,Orangewood Foundation,https://www.grantmakers.io/profiles/v1/237432160/,False
334,Allensby Charity Fund,680031901,"San Rafael, CA",1000,1000,2024,CHARITABLE,BUCKELEW PROGRAMS,1,Buckelew Programs,https://www.grantmakers.io/profiles/v1/680031901/,False
335,Shell Usa Company Foundation,136066583,"Houston, TX",820,820,2024,820.3,UGANDA COUNSELING AND SUPPORT SERVICES INC,1,Counseling And Support Services For Youth,https://www.grantmakers.io/profiles/v1/136066583/,False
336,Posner-Wallace Foundation,526037555,"Wilmington, DE",400,800,2024,General & Unrestricted,BILL WILSON CENTER,1,Bill Wilson Center,https://www.grantmakers.io/profiles/v1/526037555/,False
337,Allan H Rappaport Charitable Foundation Inc,431128425,"Tiburon, CA",650,650,2024,"GENERAL, NON-SPECIFIC",NORTH BAY CHILDREN'S CENTER,1,North Bay Childrens Center Inc,https://www.grantmakers.io/profiles/v1/431128425/,False
338,Apache Foundation,416031039,"Houston, TX",643,643,2021,To assist all individuals at-risk or otherwise in changing the things which keep them from inner peace.,Just Do It Now Inc,1,Individuals Now Inc Social Advocates For Youth,https://www.grantmakers.io/profiles/v1/416031039/,False
339,The Jane R Newman Charitable Trust,416417159,"Minneapolis, MN",600,600,2024,"SOCIAL SERVICES, HUMAN RIGHTS & HEALTH",ADVOCATES FOR HUMAN RIGHTS,1,Social Advocates For Youth San Diego Inc,https://www.grantmakers.io/profiles/v1/416417159/,False
340,The McKenna Family Fund,341286873,"Chagrin Falls, OH",500,500,2024,CHILD WELFARE,HANNA PERKINS CENTER,1,Hanna Center (self),https://www.grantmakers.io/profiles/v1/341286873/,False
341,Bice Passavant Foundation,957101611,"Pasadena, CA",500,500,2024,YOUTH SERVICES,BOYS REPUBLIC,1,Boys Republic,https://www.grantmakers.io/profiles/v1/957101611/,False
342,The Hernan & Orfi Barros Foundation,473392205,"Wilmington, DE",500,500,2024,General & Unrestricted,BOYS REPUBLIC,1,Boys Republic,https://www.grantmakers.io/profiles/v1/473392205/,False
343,Cazort Family Foundation,330442316,"Corona Del Mar, CA",500,500,2024,CHARITABLE CONTRIBUTION,ORANGEWOOD FOUNDATION,1,Orangewood Foundation,https://www.grantmakers.io/profiles/v1/330442316/,False
344,Just US for All Foundation,260143833,"Wilmington, DE",500,500,2023,Charitable Event,INDIVIDUALS NOW INC SOCIAL ADVOCATES FOR YOUTH,1,Individuals Now Inc Social Advocates For Youth,https://www.grantmakers.io/profiles/v1/260143833/,False
345,Messing Family Charitable Foundation,436034863,"Wilmington, DE",500,500,2022,General & Unrestricted,INDIVIDUALS NOW INC SOCIAL ADVOCATES FOR YOUTH,1,Individuals Now Inc Social Advocates For Youth,https://www.grantmakers.io/profiles/v1/436034863/,False
346,J Michael Bodnar Foundation Inc,581703567,"Menlo Park, CA",400,400,2024,TO FURTHER ONE OR MORE OF THE EXEMPT PURPOSES OF THE CHARITY,BILL WILSON CENTER,1,Bill Wilson Center,https://www.grantmakers.io/profiles/v1/581703567/,False
347,Ralph & Marsha Guggenheim Family Foundation,263873872,"San Francisco, CA",300,300,2024,General Support,Edgewood Center for San Francisco,1,Edgewood Center For Children And Families,https://www.grantmakers.io/profiles/v1/263873872/,False
348,McKesson Foundation,943140036,"Dallas, TX",300,300,2022,CHARITABLE,INDIVIDUALS NOW INC SOCIAL ADVOCATES FOR YOUTH,1,Individuals Now Inc Social Advocates For Youth,https://www.grantmakers.io/profiles/v1/943140036/,False
349,Mark B Wallner Foundation A Nevada Nonprofit Corporation,943119143,"Las Vegas, NV",264,264,2024,JUVENILE DELINQUENCY AND CRIME PREVENTION,BOYS' REPUBLIC,1,Boys Republic,https://www.grantmakers.io/profiles/v1/943119143/,False
350,Cindy and Fred Soldwedel Foundation,823740037,"Glendale, CA",250,250,2024,Non-Restricted,BOYS REPUBLIC,1,Boys Republic,https://www.grantmakers.io/profiles/v1/823740037/,False
351,Assurant Foundation,133156497,"Atlanta, GA",100,100,2024,Financial Assistance,BOYS REPUBLIC,1,Boys Republic,https://www.grantmakers.io/profiles/v1/133156497/,False
352,Solomon And Rose Turetsky Foundation Inc,237030397,"Boca Raton, FL",100,100,2024,PROVIDES LEGAL ASSISTANCE AND SOCIAL SERVICE ADVOCACY FOR ABUSED AND NEGLECTED CHILDREN IN PHILADELPHIA COUNTY,SUPPORT CENTER FOR CHILD ADVOCATES,1,Social Advocates For Youth San Diego Inc,https://www.grantmakers.io/profiles/v1/237030397/,False
353,Tlp Volleyball,872296690,"Yorba Linda, CA",81,81,2024,CHARITABLE,ORANGEWOOD FOUNDATION,1,Orangewood Foundation,https://www.grantmakers.io/profiles/v1/872296690/,False
354,William & Flora Hewlett Foundation,941655673,"Menlo Park, CA",50,50,2024,MATCHING GIFT OF STAFF AND BOARD MEMBERS,COUNSELING AND SUPPORT SERVICES FOR YOUTH,1,Counseling And Support Services For Youth,https://www.grantmakers.io/profiles/v1/941655673/,False
355,Texas Instruments Foundation,756038519,"Dallas, TX",25,25,2024,"DONATIONS TO COLLEGES, UNIVERSITIES AND OTHER ORGANIZATIONS UNDER ""MATCHING GIFTS PROGRAM.""",BILL WILSON CENTER,1,Bill Wilson Center,https://www.grantmakers.io/profiles/v1/756038519/,False
356,R Scott Rosenberger Charitablefoundation Inc,205925873,"Baltimore, MD",,,2024,SOCIAL SERVICES,Advocates for Children & Youth,1,Social Advocates For Youth San Diego Inc,https://www.grantmakers.io/profiles/v1/205925873/,False
